names,scores,logfoldchanges,pvals,pvals_adj,significant
mt:lrRNA,67.88387,2.7307873,0.0,0.0,True
RpL41,46.435837,1.5334909,0.0,0.0,True
Mic10b,44.65592,3.3474412,0.0,0.0,True
His3.3B,42.873207,1.3195772,0.0,0.0,True
Cyt-c-p,42.703632,1.8652208,0.0,0.0,True
sun,39.605705,2.1921887,0.0,0.0,True
Sxl,38.34377,1.6474437,0.0,0.0,True
lncRNA:CR34335,38.19942,1.0402275,0.0,0.0,True
RpL29,33.334557,1.1357545,1.2195843861577203e-243,1.2327183718548033e-240,True
flw,32.368217,1.5679555,7.6894099402471895e-230,7.217060472489148e-227,True
snRNA:7SKa,28.860489,1.4851176,3.7422544163910787e-183,2.4586611515689388e-180,True
CG7646,27.964928,1.1172631,4.34068054369834e-172,2.4798496671389646e-169,True
Nca,27.613464,1.7843242,7.668864300575256e-168,4.1987032045649527e-165,True
RpL39,25.31732,1.0257078,2.059227422874951e-141,6.938012393994066e-139,True
fru,24.892138,1.3950158,9.051705116520265e-137,2.766032679792472e-134,True
Smr,24.179888,1.0180067,3.621827556905372e-129,9.712411040354404e-127,True
Fim,23.23248,1.0641711,2.1391433049989556e-119,5.205248708830793e-117,True
Tom6,22.269403,1.7593697,7.316830490753091e-110,1.526081788071359e-107,True
pcs,21.963442,1.5963993,6.442935288594788e-107,1.282729843820235e-104,True
HDAC4,21.299494,1.0007514,1.1475290007667518e-100,1.958250788321444e-98,True
Cdc14,19.218872,1.2233487,2.5729940166204348e-82,3.485478492617785e-80,True
ND-AGGG,17.07697,2.431953,2.202655198134129e-65,2.1761570904874025e-63,True
MED21,16.626398,2.3590066,4.487753390743165e-62,4.182204223713843e-60,True
Serinc,16.617777,1.0503236,5.181890557850257e-62,4.7950733753628437e-60,True
RpL22,16.445509,1.8806514,9.032127885903524e-61,8.299451777676385e-59,True
Calx,16.04582,1.1211884,6.1146014581159626e-58,5.428774537813766e-56,True
RNaseMRP:RNA,15.7501,3.7373252,6.857268620221314e-56,5.81319417223923e-54,True
mt:srRNA,15.135427,2.623417,9.456434550571126e-52,7.182517340722809e-50,True
Alat,15.079219,1.2726849,2.218775642560617e-51,1.6755581576578454e-49,True
AcCoAS,14.270551,1.1895932,3.3393035901651996e-46,2.238696386467894e-44,True
sordd1,14.248803,1.2132419,4.560273602593683e-46,3.0417256415269543e-44,True
CG32544,13.554771,1.1216811,7.424273467143839e-42,4.394367268390542e-40,True
CRMP,13.063199,1.2817416,5.343410640290329e-39,2.901339496422104e-37,True
Myc,11.933909,1.300572,7.878472019310007e-33,3.6451803638638553e-31,True
CG5282,11.631687,1.1532823,2.8441957007859516e-31,1.2499241307132912e-29,True
CG31360,11.343421,1.5997281,7.995621452168915e-30,3.345938403869412e-28,True
28SrRNA-Psi:CR40596,11.111529,2.6250534,1.102544588216128e-28,4.390132087624219e-27,True
Cdc42,11.047786,1.5941844,2.246895666479383e-28,8.786966981410443e-27,True
CG13375,10.810384,1.1215756,3.0738037454249613e-27,1.160625896979425e-25,True
Nep3,10.727679,1.0069857,7.546802297634519e-27,2.8012706833592536e-25,True
mir-9381,10.658637,1.8602356,1.5890890713985923e-26,5.832578323513269e-25,True
lncRNA:CR45102,10.520388,1.2565856,6.9586618464589e-26,2.4779625111780473e-24,True
Rab21,10.385905,1.3503221,2.874286698202602e-25,9.861129820987517e-24,True
Vsp37A,10.38194,1.132263,2.9962439980441155e-25,1.0252772430807208e-23,True
Polr2K,9.838007,1.3092026,7.722569935328832e-23,2.3764536053915892e-21,True
CG1275,9.667758,1.7387062,4.13335363648986e-22,1.2069392618550393e-20,True
AP-2mu,9.637319,1.2775072,5.562175030366248e-22,1.6169685818365597e-20,True
Sf3b5,9.571881,1.4057643,1.0497732928196098e-21,3.018385353971482e-20,True
CG11768,9.449108,1.6167573,3.4172896999301584e-21,9.59469800365006e-20,True
hzg,9.272603,1.1957623,1.8165666867683006e-20,4.983233040529326e-19,True
CG5934,9.148662,1.1855216,5.764347818868334e-20,1.5476975337588563e-18,True
CG32085,9.055043,1.4193462,1.365140964100854e-19,3.6311644267783845e-18,True
Kcmf1,8.949472,1.137267,3.5718449231955776e-19,9.330823517055644e-18,True
CG40472,8.911083,2.9435828,5.05361582396083e-19,1.3123421329416068e-17,True
Akap200,8.740343,1.0190116,2.3240302442521156e-18,5.906722903186228e-17,True
caz,8.58688,1.7812612,8.936311350217825e-18,2.1825860807037587e-16,True
CG2991,8.513362,1.145719,1.689612104082549e-17,4.0513691692782294e-16,True
CG17724,8.424343,2.3556988,3.6278014093370637e-17,8.573616999764211e-16,True
Mlc-c,8.4164,1.0374892,3.882316314472669e-17,9.142228740532415e-16,True
AstC-R2,8.068029,1.0100863,7.144162174030071e-16,1.5724336845352617e-14,True
lncRNA:CR45333,8.026904,3.6400592,9.996328538231745e-16,2.1891959498727523e-14,True
LPCAT,7.9794917,1.010152,1.4693737861079026e-15,3.186067912451789e-14,True
cdm,7.9619837,1.0526859,1.6930272800602458e-15,3.6529357077161955e-14,True
CG13404,7.8783765,1.5295659,3.3166206885997992e-15,7.006494509357132e-14,True
Clamp,7.680836,1.119751,1.580533852403621e-14,3.204971422929565e-13,True
Rer1,7.610511,1.2900369,2.7301456375721853e-14,5.485338482828519e-13,True
CG7582,7.5475693,1.1856403,4.434567151217573e-14,8.775634392620317e-13,True
CG13603,7.5362644,1.3221774,4.8362596088060834e-14,9.55615808416721e-13,True
CG2765,7.4613123,1.1769475,8.566480152738522e-14,1.6676081363997657e-12,True
Clic,7.4332085,1.143915,1.0599473036587838e-13,2.0481922897171204e-12,True
Lztr1,7.3944206,1.0057077,1.4202624042288586e-13,2.720444313639534e-12,True
Bet3,7.3655787,1.3383278,1.7637999755013228e-13,3.3540277392311694e-12,True
MsrA,7.291024,1.2508934,3.076078784721839e-13,5.807424602190369e-12,True
CG5412,7.276429,1.5979922,3.427713740171636e-13,6.443513382811917e-12,True
Sara,7.2515073,1.1594509,4.121594538504297e-13,7.703805438968202e-12,True
capt,7.146105,1.229285,8.927504357507705e-13,1.6338079005243906e-11,True
CG1812,7.06508,1.0126535,1.6052333007814279e-12,2.877594211769163e-11,True
FucT6,6.9565506,1.756027,3.4870507138765547e-12,6.10117794678268e-11,True
CG6276,6.858616,1.4366946,6.9530994548478746e-12,1.1896318598528786e-10,True
ubl,6.7810574,1.8458998,1.1929961993743487e-11,1.986814963216596e-10,True
FucTA,6.6385818,1.0746568,3.1671533598121414e-11,5.163324460041134e-10,True
Nt5b,6.598786,1.0212256,4.145382389120025e-11,6.741376806068952e-10,True
CG4617,6.198713,1.1573428,5.692679210139377e-10,8.339108675722566e-09,True
Pino,6.118758,1.4404855,9.43074392454504e-10,1.3587716575495815e-08,True
yki,6.1087418,1.5519648,1.0041954859788981e-09,1.4389453310537318e-08,True
Arl1,5.9382687,1.085137,2.880478219806212e-09,3.979966751656533e-08,True
CG15456,5.7833843,1.3944218,7.321252127260027e-09,9.717298277999673e-08,True
Caf1-55,5.717326,1.199572,1.0821342117947159e-08,1.416259317030136e-07,True
Mitf,5.558281,1.316937,2.7244475522186933e-08,3.422489563685816e-07,True
Nf-YB,5.5516176,1.5579548,2.8303809623641952e-08,3.548779183727626e-07,True
Pex23,5.492712,1.3473415,3.958080880275351e-08,4.870529119012033e-07,True
Tmtc3,5.4255924,1.1556277,5.776265186363259e-08,7.014798941664808e-07,True
galla-2,5.183527,1.8828514,2.1772858406450625e-07,2.4942925846622597e-06,True
PRAS40,5.1368675,1.2409747,2.793554375282002e-07,3.169888125319992e-06,True
CG34220,5.0281534,3.4932356,4.952258341353594e-07,5.468291983645902e-06,True
CG4593,4.8454747,1.4252163,1.2630928505290808e-06,1.3277632044761699e-05,True
CG11710,4.6984773,1.0822358,2.6210813329925526e-06,2.6615926364391143e-05,True
CG7607,4.672638,1.6892375,2.973559903095604e-06,2.9963632765856006e-05,True
CG1463,4.501033,1.1523592,6.762398803039583e-06,6.533670608230893e-05,True
rg,4.419283,1.4837162,9.902895463214163e-06,9.38169043883447e-05,True
Dph3,4.3775787,2.9334967,1.200051256486528e-05,0.00011191393548781389,True
ND-MNLL,4.3276844,3.6678882,1.5068525731698917e-05,0.00013846183784232432,True
CG10433,4.323864,1.0285794,1.533198100726774e-05,0.00014068591510858804,True
Lipt2,4.296946,1.2157664,1.7316733953409033e-05,0.00015801519732485745,True
Ras64B,4.126079,1.0018405,3.690004894774788e-05,0.0003254138544787968,True
key,4.112429,1.0086821,3.915175668308526e-05,0.00034434677564641254,True
lncRNA:CR42491,4.10775,3.8104725,3.995326741865071e-05,0.0003504578997870963,True
CG6083,4.0879517,1.5796099,4.351983620674136e-05,0.0003787090382493917,True
lncRNA:CR45668,3.9827378,1.8580261,6.812593682240896e-05,0.0005760455661817591,True
Hr78,3.9057355,1.3408586,9.393924761045294e-05,0.000779761031965478,True
HSPC300,3.8878033,1.1908578,0.00010115558406905295,0.0008323007981636542,True
CG31687,3.8264534,2.393265,0.00013000276886296588,0.0010518696938789235,True
ogre,3.8014934,1.2051433,0.00014382657487438765,0.0011580154374077535,True
Polr2G,3.7881413,1.5358417,0.00015177848817762236,0.0012175636963699377,True
Patsas,3.784369,1.2834594,0.00015409902404334334,0.0012354247565158824,True
Yp3,3.682126,3.3044758,0.0002312969245896069,0.0018027796654602674,True
CG4676,3.6639764,2.1224442,0.0002483295431062093,0.0019273775525195452,True
CG6665,3.6250553,1.1209939,0.0002888997159372586,0.0022238677606418148,True
Lint-1,3.541157,1.2814609,0.0003983764295737767,0.002994660345880679,True
CG33774,3.5211487,1.0762902,0.0004296816687235868,0.0032207741740033833,True
CG14645,3.5109699,2.3100119,0.0004464749705991575,0.0033428382414090766,True
CG18324,3.476069,1.574037,0.0005088212239672053,0.0037923487708049217,True
Osbp,3.4245558,1.0101575,0.0006158056845397782,0.004517971353909931,True
CG33941,3.37614,1.3253837,0.0007351044672209933,0.005345474653726537,True
Yp1,3.341686,5.5577273,0.0008327116880432683,0.005995524153911531,True
CG14971,3.3007724,1.6546087,0.0009641902374500988,0.0068855759348338584,True
CG1951,3.2381835,1.1167727,0.0012029341875129148,0.008434661272102295,True
hid,3.190622,1.089537,0.0014196683442471074,0.009849230223551737,True
CG42855,3.1495922,1.4834673,0.0016349855059972567,0.011166169204160059,True
kat-60L1,3.1344173,1.4496058,0.001721958066600404,0.01169934281030471,True
CAH8,3.0981917,1.4202259,0.0019470544998099087,0.013099998017154224,True
hoe1,3.0769732,1.0297003,0.0020911407995391584,0.013976393746665585,True
asRNA:CR43425,2.9990997,1.1580051,0.0027077860749232944,0.017728106140753406,True
asRNA:CR44029,2.993621,1.093402,0.0027568815054981395,0.018013636490425436,True
Tgi,2.9762743,1.0223403,0.002917738936526933,0.0189328837659081,True
disco-r,2.9572499,1.1213455,0.003103963857461874,0.020002984348724388,True
M6,2.938166,1.085416,0.003301603582551857,0.021172801891035337,True
Pldn,2.9087627,1.311984,0.003628622668086436,0.023078461693444224,True
Tmem63,2.9063835,1.0313249,0.003656329956013742,0.0232434328118145,True
prage,2.8906782,1.2212762,0.0038441168195176793,0.024307841678759528,True
cnir,2.8721895,1.1808511,0.004076383317319212,0.02565310191071573,True
Papss,2.846379,1.144024,0.004421953511306577,0.027668794827889726,True
CG6356,2.7444577,1.2487265,0.0060610940661575755,0.037008724920683335,True
CG31249,2.7378478,1.2229139,0.006184270572702257,0.0376558458411991,True
Trf,2.7210605,2.4217777,0.006507284278458871,0.039367272292334055,True
zyd,2.667572,1.7868364,0.007640152378715971,0.0456948576496713,True
se,-2.7300618,-2.2872884,0.00633224657602505,0.03846773925518685,True
slmo,-3.1413765,-1.2536883,0.0016815568604257294,0.011442598211286424,True
Muc14A,-3.283335,-2.5656538,0.0010258669762789707,0.007306174562767304,True
CG6999,-3.5457628,-1.1588631,0.0003914783058356237,0.002944490520137433,True
CG32706,-4.2413487,-1.3616598,2.2218055477589082e-05,0.0002009258423781972,True
Arr2,-6.581398,-1.2361459,4.660450648285251e-11,7.541665211634014e-10,True
Pdh,-7.559083,-1.9724128,4.0592064623274326e-14,8.069284858545002e-13,True
ninaE,-10.344515,-1.5889269,4.43157231366946e-25,1.5085715078139044e-23,True
lncRNA:roX2,-86.12027,-9.554955,0.0,0.0,True
lncRNA:roX1,-107.090324,-9.082223,0.0,0.0,True
