Gene_set,Term,Overlap,P-value,Adjusted P-value,Old P-value,Old Adjusted P-value,Z-score,Combined Score,Genes
GO_Biological_Process_2018,regulation of response to wounding (GO:1903034),2/6,0.0001794977903574,0.0273293308103708,0.0004938559053002,0.0690239900606895,-4.734882547935172,40.84000810567094,Cbp53E;Rok
GO_Biological_Process_2018,negative regulation of response to wounding (GO:1903035),2/7,0.0002507278055997,0.0273293308103708,0.0006332476152356,0.0690239900606895,-4.705908236746239,39.017356475047215,Cbp53E;Rok
GO_Biological_Process_2018,metarhodopsin inactivation (GO:0016060),2/6,0.0001794977903574,0.0273293308103708,0.0004938559053002,0.0690239900606895,-4.434744156580791,38.25121013409689,Arr2;Arr1
GO_Biological_Process_2018,muscle cell fate specification (GO:0042694),2/9,0.0004278752367075,0.0349788006008436,0.0009622597067078,0.0786647310233668,-3.665755554171104,28.434088788546894,pcs;numb
GO_Biological_Process_2018,rhodopsin mediated signaling pathway (GO:0016056),2/14,0.0010693969453518,0.0529681462153885,0.0020713919768426,0.1060983847942716,-3.160679253309503,21.621133379509427,ninaE;Arr2
GO_Biological_Process_2018,negative regulation of antimicrobial humoral response (GO:0008348),1/7,0.0242478446556644,0.1345056624303814,0.0338802824299768,0.1875494608760724,-5.261472162093057,19.56966449076738,Dsp1
GO_Biological_Process_2018,muscle cell fate commitment (GO:0042693),2/16,0.0014038272428213,0.0529681462153885,0.0026268488215731,0.1060983847942716,-2.8570688803122586,18.76680844318795,pcs;numb
GO_Biological_Process_2018,negative regulation of humoral immune response (GO:0002921),1/7,0.0242478446556644,0.1345056624303814,0.0338802824299768,0.1875494608760724,-4.900591484071214,18.22739495621212,Dsp1
GO_Biological_Process_2018,regulation of rhodopsin mediated signaling pathway (GO:0022400),2/17,0.0015874100782781,0.0529681462153885,0.0029280028705826,0.1060983847942716,-2.702677403987832,17.42051658845271,Arr2;Arr1
GO_Biological_Process_2018,positive regulation of response to wounding (GO:1903036),2/17,0.0015874100782781,0.0529681462153885,0.0029280028705826,0.1060983847942716,-2.702027204746277,17.416325630754027,Imp;Rok
GO_Biological_Process_2018,circadian sleep/wake cycle (GO:0042745),1/6,0.0208196851054437,0.1345056624303814,0.0297069791148805,0.1875494608760724,-4.314686899578369,16.70584782952624,ITP
GO_Biological_Process_2018,copulation (GO:0007620),1/7,0.0242478446556644,0.1345056624303814,0.0338802824299768,0.1875494608760724,-4.472589536683992,16.63547272347507,fru
GO_Biological_Process_2018,deactivation of rhodopsin mediated signaling (GO:0016059),2/18,0.001781803083698,0.0529681462153885,0.0032445989233722,0.1060983847942716,-2.5859100508923465,16.369145391515804,Arr2;Arr1
GO_Biological_Process_2018,negative regulation of mRNA processing (GO:0050686),1/6,0.0208196851054437,0.1345056624303814,0.0297069791148805,0.1875494608760724,-4.09987056673225,15.874109849146988,Sxl
GO_Biological_Process_2018,positive regulation of response to external stimulus (GO:0032103),1/8,0.0276641729154105,0.1345056624303814,0.0380361617813779,0.1875494608760724,-4.322720005696096,15.508264208801936,Imp
GO_Biological_Process_2018,regulation of microtubule-based movement (GO:0060632),1/7,0.0242478446556644,0.1345056624303814,0.0338802824299768,0.1875494608760724,-4.131590748100186,15.367152436156754,Pat1
GO_Biological_Process_2018,optomotor response (GO:0071632),1/6,0.0208196851054437,0.1345056624303814,0.0297069791148805,0.1875494608760724,-3.9566054711477774,15.31940798043188,ninaE
GO_Biological_Process_2018,regulation of axon regeneration (GO:0048679),1/7,0.0242478446556644,0.1345056624303814,0.0338802824299768,0.1875494608760724,-4.116448851720234,15.310833249666608,Imp
GO_Biological_Process_2018,glycosphingolipid biosynthetic process (GO:0006688),1/9,0.0310687101240235,0.1345056624303814,0.0421746877216196,0.1875494608760724,-4.312903695366516,14.972478384057608,egh
GO_Biological_Process_2018,positive regulation of stress fiber assembly (GO:0051496),1/6,0.0208196851054437,0.1345056624303814,0.0297069791148805,0.1875494608760724,-3.810770097678168,14.754754364990282,Rok
GO_Biological_Process_2018,neuron migration (GO:0001764),1/7,0.0242478446556644,0.1345056624303814,0.0338802824299768,0.1875494608760724,-3.963462314996439,14.74181091085067,robo2
GO_Biological_Process_2018,regulation of presynaptic cytosolic calcium ion concentration (GO:0099509),1/6,0.0208196851054437,0.1345056624303814,0.0297069791148805,0.1875494608760724,-3.7982188534513246,14.70615775044906,Cbp53E
GO_Biological_Process_2018,detection of light stimulus (GO:0009583),1/8,0.0276641729154105,0.1345056624303814,0.0380361617813779,0.1875494608760724,-4.081759621401583,14.643790613803969,ninaE
GO_Biological_Process_2018,regulation of cytokinetic process (GO:0032954),1/6,0.0208196851054437,0.1345056624303814,0.0297069791148805,0.1875494608760724,-3.775912350609143,14.619790175984548,Rok
GO_Biological_Process_2018,cellular glucose homeostasis (GO:0001678),1/6,0.0208196851054437,0.1345056624303814,0.0297069791148805,0.1875494608760724,-3.752614610700237,14.529584673998276,Hex-A
GO_Biological_Process_2018,regulation of multicellular organismal development (GO:2000026),3/48,0.0006343746685507,0.0414881033232188,0.0013116103638819,0.0857793177978777,-1.9200395117217963,14.137002890677806,robo2;Yp3;numb
GO_Biological_Process_2018,embryonic heart tube development (GO:0035050),2/24,0.0031709604854291,0.0864086732279441,0.0054612129738273,0.1488180535367944,-2.434408810325904,14.0069084731424,robo2;numb
GO_Biological_Process_2018,glycosphingolipid metabolic process (GO:0006687),1/9,0.0310687101240235,0.1345056624303814,0.0421746877216196,0.1875494608760724,-3.990563007224096,13.853455255695245,egh
GO_Biological_Process_2018,embryonic organ development (GO:0048568),2/31,0.0052586991208404,0.132276508654986,0.0087073191366958,0.1875494608760724,-2.615035887106871,13.723372560351596,robo2;numb
GO_Biological_Process_2018,negative regulation of multi-organism process (GO:0043901),1/9,0.0310687101240235,0.1345056624303814,0.0421746877216196,0.1875494608760724,-3.9428057604755824,13.687663391297155,Dsp1
GO_Biological_Process_2018,negative regulation of peptidyl-tyrosine phosphorylation (GO:0050732),1/6,0.0208196851054437,0.1345056624303814,0.0297069791148805,0.1875494608760724,-3.5288688119614173,13.663273084484842,pcs
GO_Biological_Process_2018,muscle organ morphogenesis (GO:0048644),1/8,0.0276641729154105,0.1345056624303814,0.0380361617813779,0.1875494608760724,-3.718670024186842,13.34116416618446,pcs
GO_Biological_Process_2018,female germ-line sex determination (GO:0019099),1/6,0.0208196851054437,0.1345056624303814,0.0297069791148805,0.1875494608760724,-3.391414395981631,13.131069332439914,Sxl
GO_Biological_Process_2018,negative regulation of response to biotic stimulus (GO:0002832),1/9,0.0310687101240235,0.1345056624303814,0.0421746877216196,0.1875494608760724,-3.779218768395308,13.119762302880488,Dsp1
GO_Biological_Process_2018,L-alpha-amino acid transmembrane transport (GO:1902475),1/7,0.0242478446556644,0.1345056624303814,0.0338802824299768,0.1875494608760724,-3.4972899283938874,13.007916495063608,mnd
GO_Biological_Process_2018,mitochondrial respiratory chain complex III assembly (GO:0034551),1/6,0.0208196851054437,0.1345056624303814,0.0297069791148805,0.1875494608760724,-3.324613709199762,12.872426669771896,ox
GO_Biological_Process_2018,peripheral nervous system neuron differentiation (GO:0048934),1/9,0.0310687101240235,0.1345056624303814,0.0421746877216196,0.1875494608760724,-3.7059616694087727,12.865446322620356,egh
GO_Biological_Process_2018,negative regulation of compound eye retinal cell programmed cell death (GO:0046673),1/9,0.0310687101240235,0.1345056624303814,0.0421746877216196,0.1875494608760724,-3.7006304218321247,12.846938608388951,ninaE
GO_Biological_Process_2018,"mating behavior, sex discrimination (GO:0048047)",1/10,0.034461496392694,0.1345056624303814,0.0462959305230056,0.1875494608760724,-3.790420009817521,12.765803404272356,fru
GO_Biological_Process_2018,negative regulation of protein tyrosine kinase activity (GO:0061099),1/7,0.0242478446556644,0.1345056624303814,0.0338802824299768,0.1875494608760724,-3.40102736264881,12.649874856408962,pcs
GO_Biological_Process_2018,cardioblast cell fate commitment (GO:0042684),1/8,0.0276641729154105,0.1345056624303814,0.0380361617813779,0.1875494608760724,-3.498069403677907,12.549733607885484,robo2
GO_Biological_Process_2018,Malpighian tubule tip cell differentiation (GO:0061382),1/10,0.034461496392694,0.1345056624303814,0.0462959305230056,0.1875494608760724,-3.697722668925266,12.45360685959806,numb
GO_Biological_Process_2018,respiratory chain complex III assembly (GO:0017062),1/6,0.0208196851054437,0.1345056624303814,0.0297069791148805,0.1875494608760724,-3.1700634740439533,12.274030361853765,ox
GO_Biological_Process_2018,negative regulation of retinal cell programmed cell death (GO:0046671),1/9,0.0310687101240235,0.1345056624303814,0.0421746877216196,0.1875494608760724,-3.528840204418181,12.250559579664952,ninaE
GO_Biological_Process_2018,mitochondrial respiratory chain complex III biogenesis (GO:0097033),1/6,0.0208196851054437,0.1345056624303814,0.0297069791148805,0.1875494608760724,-3.159026163181314,12.231295479807876,ox
GO_Biological_Process_2018,"primary sex determination, germ-line (GO:0007542)",1/7,0.0242478446556644,0.1345056624303814,0.0338802824299768,0.1875494608760724,-3.2221783933342745,11.984659073415504,Sxl
GO_Biological_Process_2018,regulation of microtubule-based process (GO:0032886),1/10,0.034461496392694,0.1345056624303814,0.0462959305230056,0.1875494608760724,-3.452248333229041,11.62687074534796,Pat1
GO_Biological_Process_2018,syncytial nuclear migration (GO:0035190),1/8,0.0276641729154105,0.1345056624303814,0.0380361617813779,0.1875494608760724,-3.2104710579563625,11.5179408649859,Rok
GO_Biological_Process_2018,negative regulation of RNA splicing (GO:0033119),1/9,0.0310687101240235,0.1345056624303814,0.0421746877216196,0.1875494608760724,-3.313891258573769,11.50435269153319,Sxl
GO_Biological_Process_2018,female somatic sex determination (GO:0019101),1/7,0.0242478446556644,0.1345056624303814,0.0338802824299768,0.1875494608760724,-3.086282707694493,11.479204916901375,Sxl
GO_Biological_Process_2018,pole plasm oskar mRNA localization (GO:0045451),2/33,0.0059443251675033,0.1345056624303814,0.0097597818785088,0.1875494608760724,-2.2006287028822813,11.278922491742168,Pat1;capu
GO_Biological_Process_2018,peripheral nervous system neuron development (GO:0048935),1/11,0.0378425716929513,0.1345056624303814,0.0503999601850236,0.1875494608760724,-3.4072038671130773,11.1562777246963,egh
GO_Biological_Process_2018,regulation of phosphate metabolic process (GO:0019220),1/10,0.034461496392694,0.1345056624303814,0.0462959305230056,0.1875494608760724,-3.279209789897302,11.044092050687947,Rok
GO_Biological_Process_2018,apical constriction involved in gastrulation (GO:0003384),1/12,0.0412119758635071,0.1375134296670085,0.0544868464318864,0.1875494608760724,-3.405666684765011,10.86076092837608,Rok
GO_Biological_Process_2018,mitotic spindle elongation (GO:0000022),1/10,0.034461496392694,0.1345056624303814,0.0462959305230056,0.1875494608760724,-3.212555339629745,10.819605686134262,Rok
GO_Biological_Process_2018,regulation of myotube differentiation (GO:0010830),1/10,0.034461496392694,0.1345056624303814,0.0462959305230056,0.1875494608760724,-3.210683393533925,10.813301135245249,Rok
GO_Biological_Process_2018,regulation of syncytium formation by plasma membrane fusion (GO:0060142),1/10,0.034461496392694,0.1345056624303814,0.0462959305230056,0.1875494608760724,-3.2067528698141743,10.800063474787512,Rok
GO_Biological_Process_2018,positive regulation of actin filament bundle assembly (GO:0032233),1/8,0.0276641729154105,0.1345056624303814,0.0380361617813779,0.1875494608760724,-3.0031390339299704,10.77411295031411,Rok
GO_Biological_Process_2018,regulation of myoblast fusion (GO:1901739),1/11,0.0378425716929513,0.1345056624303814,0.0503999601850236,0.1875494608760724,-3.274382766354946,10.721378861713644,Rok
GO_Biological_Process_2018,regulation of stress fiber assembly (GO:0051492),1/9,0.0310687101240235,0.1345056624303814,0.0421746877216196,0.1875494608760724,-3.055348273971725,10.606806740654989,Rok
GO_Biological_Process_2018,sensory organ precursor cell division (GO:0045035),1/11,0.0378425716929513,0.1345056624303814,0.0503999601850236,0.1875494608760724,-3.1865106367357923,10.433657339748356,numb
GO_Biological_Process_2018,epithelial cell morphogenesis involved in gastrulation (GO:0003381),1/12,0.0412119758635071,0.1375134296670085,0.0544868464318864,0.1875494608760724,-3.2357677051149767,10.318948598881663,Rok
GO_Biological_Process_2018,negative regulation of response to external stimulus (GO:0032102),1/13,0.0445697486118269,0.1388029313911182,0.0585566587147435,0.1877257588207954,-3.1920114341721986,9.929389752306768,Dsp1
GO_Biological_Process_2018,morphogenesis of follicular epithelium (GO:0016333),1/11,0.0378425716929513,0.1345056624303814,0.0503999601850236,0.1875494608760724,-2.940579446128737,9.628399782353574,egh
GO_Biological_Process_2018,phospholipase C-activating G-protein coupled receptor signaling pathway (GO:0007200),1/10,0.034461496392694,0.1345056624303814,0.0462959305230056,0.1875494608760724,-2.821348300561298,9.502054560353953,ninaE
GO_Biological_Process_2018,nitrogen compound transport (GO:0071705),1/9,0.0310687101240235,0.1345056624303814,0.0421746877216196,0.1875494608760724,-2.720430417499424,9.44412129236786,mnd
GO_Biological_Process_2018,oocyte development (GO:0048599),1/9,0.0310687101240235,0.1345056624303814,0.0421746877216196,0.1875494608760724,-2.718586937121367,9.437721550555503,Rok
GO_Biological_Process_2018,negative regulation of response to stimulus (GO:0048585),2/37,0.0074307453579184,0.1345056624303814,0.0120251400109222,0.1875494608760724,-1.8223544922682744,8.933417001520505,Cbp53E;Rok
GO_Biological_Process_2018,carboxylic acid transport (GO:0046942),1/13,0.0445697486118269,0.1388029313911182,0.0585566587147435,0.1877257588207954,-2.8421926258671104,8.841208408981002,mnd
GO_Biological_Process_2018,regulation of neurotransmitter transport (GO:0051588),1/14,0.0479159295133576,0.1437477885400729,0.0626094662116721,0.1913392098244559,-2.8018651260418665,8.512927188065005,Frq2
GO_Biological_Process_2018,pericardial nephrocyte differentiation (GO:0061320),1/11,0.0378425716929513,0.1345056624303814,0.0503999601850236,0.1875494608760724,-2.5581371596520905,8.376161135061697,numb
GO_Biological_Process_2018,"mitochondrial electron transport, ubiquinol to cytochrome c (GO:0006122)",1/16,0.0545736733797252,0.1478788902433333,0.0706643421968435,0.1937774690068268,-2.878399226094239,8.370971236361795,ox
GO_Biological_Process_2018,"regulation of epithelial cell migration, open tracheal system (GO:2000274)",1/12,0.0412119758635071,0.1375134296670085,0.0544868464318864,0.1875494608760724,-2.623163179536021,8.36533660105535,robo2
GO_Biological_Process_2018,regulation of protein modification process (GO:0031399),1/13,0.0445697486118269,0.1388029313911182,0.0585566587147435,0.1877257588207954,-2.6818771945763022,8.342515207711687,Rok
GO_Biological_Process_2018,positive regulation of cell adhesion (GO:0045785),1/14,0.0479159295133576,0.1437477885400729,0.0626094662116721,0.1913392098244559,-2.7355062602814604,8.311308563652862,robo2
GO_Biological_Process_2018,leg disc development (GO:0035218),1/17,0.0578853148353109,0.1478788902433333,0.0746665476907039,0.1937774690068268,-2.9036002579155604,8.273203697923634,Dsp1
GO_Biological_Process_2018,positive regulation of wound healing (GO:0090303),1/13,0.0445697486118269,0.1388029313911182,0.0585566587147435,0.1877257588207954,-2.6573711160560816,8.266284150916926,Rok
GO_Biological_Process_2018,negative regulation of protein kinase activity (GO:0006469),1/10,0.034461496392694,0.1345056624303814,0.0462959305230056,0.1875494608760724,-2.450728684113096,8.253840075127988,pcs
GO_Biological_Process_2018,"negative regulation of female receptivity, post-mating (GO:0045434)",1/17,0.0578853148353109,0.1478788902433333,0.0746665476907039,0.1937774690068268,-2.859000807609383,8.146126860747943,egh
GO_Biological_Process_2018,positive regulation of JAK-STAT cascade (GO:0046427),1/11,0.0378425716929513,0.1345056624303814,0.0503999601850236,0.1875494608760724,-2.473928681574129,8.10043558271671,Imp
GO_Biological_Process_2018,regulation of epithelial cell migration (GO:0010632),1/13,0.0445697486118269,0.1388029313911182,0.0585566587147435,0.1877257588207954,-2.58984350301075,8.056226009585757,robo2
GO_Biological_Process_2018,positive regulation of STAT cascade (GO:1904894),1/11,0.0378425716929513,0.1345056624303814,0.0503999601850236,0.1875494608760724,-2.4555515349291377,8.040262913350519,Imp
GO_Biological_Process_2018,regulation of wound healing (GO:0061041),1/14,0.0479159295133576,0.1437477885400729,0.0626094662116721,0.1913392098244559,-2.612740565649319,7.93830866088023,Rok
GO_Biological_Process_2018,actin nucleation (GO:0045010),1/15,0.0512505579990687,0.1470081795236445,0.0666453378264056,0.1937774690068268,-2.6275113379737625,7.806411787124352,capu
GO_Biological_Process_2018,salivary gland boundary specification (GO:0007432),1/15,0.0512505579990687,0.1470081795236445,0.0666453378264056,0.1937774690068268,-2.5981125027447245,7.71906700175925,robo2
GO_Biological_Process_2018,aerobic respiration (GO:0009060),1/16,0.0545736733797252,0.1478788902433333,0.0706643421968435,0.1937774690068268,-2.651709045232168,7.7117100170149,ox
GO_Biological_Process_2018,regulation of cell-cell adhesion (GO:0022407),1/15,0.0512505579990687,0.1470081795236445,0.0666453378264056,0.1937774690068268,-2.585484824269068,7.681549805668898,robo2
GO_Biological_Process_2018,regulation of neural precursor cell proliferation (GO:2000177),1/17,0.0578853148353109,0.1478788902433333,0.0746665476907039,0.1937774690068268,-2.685043059905813,7.650470519052751,numb
GO_Biological_Process_2018,regulation of supramolecular fiber organization (GO:1902903),1/13,0.0445697486118269,0.1388029313911182,0.0585566587147435,0.1877257588207954,-2.386620320831829,7.424059670531944,Rok
GO_Biological_Process_2018,negative regulation of female receptivity (GO:0007621),1/19,0.064474332017743,0.1550228424250144,0.0826208341650729,0.2001260205331767,-2.6959331214333817,7.390868537370752,egh
GO_Biological_Process_2018,male germ-line stem cell population maintenance (GO:0036098),1/16,0.0545736733797252,0.1478788902433333,0.0706643421968435,0.1937774690068268,-2.539934816546909,7.386647793259216,bel
GO_Biological_Process_2018,ecdysone-mediated induction of salivary gland cell autophagic cell death (GO:0035072),1/16,0.0545736733797252,0.1478788902433333,0.0706643421968435,0.1937774690068268,-2.4938445920594368,7.252608032560137,bel
GO_Biological_Process_2018,regulation of antimicrobial humoral response (GO:0002759),1/17,0.0578853148353109,0.1478788902433333,0.0746665476907039,0.1937774690068268,-2.538880306957628,7.23401022122315,Dsp1
GO_Biological_Process_2018,induction of programmed cell death by ecdysone (GO:0035078),1/16,0.0545736733797252,0.1478788902433333,0.0706643421968435,0.1937774690068268,-2.472382150121981,7.190190879827536,bel
GO_Biological_Process_2018,photoreceptor cell morphogenesis (GO:0008594),1/19,0.064474332017743,0.1550228424250144,0.0826208341650729,0.2001260205331767,-2.5674768987479317,7.038707333100742,ninaE
GO_Biological_Process_2018,regulation of oviposition (GO:0046662),1/18,0.0611855214091396,0.1515732234908231,0.0786520224036514,0.199373731209256,-2.5068247198472675,7.003678946682529,egh
GO_Biological_Process_2018,muscle organ development (GO:0007517),2/43,0.0099400289453602,0.1345056624303814,0.015810270206891,0.1875494608760724,-1.5062408264452185,6.945555626917786,pcs;fru
GO_Biological_Process_2018,nervous system development (GO:0007399),5/246,0.0017072395453394,0.0529681462153885,0.0040452079441761,0.1202529997950548,-1.083857280444135,6.907289690739507,unc-119;fru;Imp;RabX1;numb
GO_Biological_Process_2018,"regulation of gene expression, epigenetic (GO:0040029)",1/18,0.0611855214091396,0.1515732234908231,0.0786520224036514,0.199373731209256,-2.467234874543834,6.893071067376564,Sxl
GO_Biological_Process_2018,DNA duplex unwinding (GO:0032508),1/17,0.0578853148353109,0.1478788902433333,0.0746665476907039,0.1937774690068268,-2.3957322786482576,6.826139752851673,Dsp1
GO_Biological_Process_2018,regulation of neurotransmitter secretion (GO:0046928),1/19,0.064474332017743,0.1550228424250144,0.0826208341650729,0.2001260205331767,-2.473841454103799,6.782006877031904,Frq2
GO_Biological_Process_2018,neuron development (GO:0048666),2/49,0.0127719725460378,0.1345056624303814,0.0200381349384995,0.1875494608760724,-1.531345039304305,6.677433341905688,egh;fru
GO_Biological_Process_2018,regulation of compound eye retinal cell programmed cell death (GO:0046669),1/19,0.064474332017743,0.1550228424250144,0.0826208341650729,0.2001260205331767,-2.4088984736806744,6.603966469828792,ninaE
GO_Biological_Process_2018,cytoplasmic translation (GO:0002181),3/107,0.00628481816884,0.1345056624303814,0.0114414293264064,0.1875494608760724,-1.2994062344014623,6.587493713844928,RpL39;RpL41;CG13364
GO_Biological_Process_2018,"male courtship behavior, veined wing generated song production (GO:0045433)",1/23,0.0775163884607302,0.1619929881456818,0.0983307990133446,0.207854196405982,-2.5720778564378555,6.577486996905388,fru
GO_Biological_Process_2018,positive regulation of smoothened signaling pathway (GO:0045880),1/17,0.0578853148353109,0.1478788902433333,0.0746665476907039,0.1937774690068268,-2.292027734891606,6.530655271969676,apolpp
GO_Biological_Process_2018,positive regulation of transport (GO:0051050),1/17,0.0578853148353109,0.1478788902433333,0.0746665476907039,0.1937774690068268,-2.2880630444512864,6.519358712974491,numb
GO_Biological_Process_2018,nephrocyte differentiation (GO:0061319),1/14,0.0479159295133576,0.1437477885400729,0.0626094662116721,0.1913392098244559,-2.115823930410231,6.42852323437594,numb
GO_Biological_Process_2018,phototaxis (GO:0042331),1/21,0.0710179203184068,0.1579786390756397,0.0905087388296564,0.2027147780636825,-2.4149921949099222,6.387226986291436,ninaE
GO_Biological_Process_2018,regulation of cytosolic calcium ion concentration (GO:0051480),1/17,0.0578853148353109,0.1478788902433333,0.0746665476907039,0.1937774690068268,-2.226504745170894,6.343961170610986,Cbp53E
GO_Biological_Process_2018,positive regulation of cellular component organization (GO:0051130),1/20,0.0677517854338835,0.1579786390756397,0.0865730505413165,0.2027147780636825,-2.2653776062514424,6.098180096128596,numb
GO_Biological_Process_2018,generation of neurons (GO:0048699),2/54,0.0153681936743806,0.1345056624303814,0.0238824397601793,0.1875494608760724,-1.4573376306656751,6.085048062661363,robo2;numb
GO_Biological_Process_2018,"male courtship behavior, veined wing vibration (GO:0016545)",1/24,0.0807487983723123,0.1619929881456818,0.1022173041908427,0.207854196405982,-2.410119428325547,6.064853927661445,fru
GO_Biological_Process_2018,positive regulation of endocytosis (GO:0045807),1/18,0.0611855214091396,0.1515732234908231,0.0786520224036514,0.199373731209256,-2.169060411323932,6.060017924906024,numb
GO_Biological_Process_2018,epidermis development (GO:0008544),1/21,0.0710179203184068,0.1579786390756397,0.0905087388296564,0.2027147780636825,-2.2902065195191765,6.057190957587789,Rok
GO_Biological_Process_2018,morphogenesis of an epithelium (GO:0002009),2/66,0.0224261295597087,0.1345056624303814,0.034217556639522,0.1875494608760724,-1.5860492308806968,6.023067159448523,egh;Rok
GO_Biological_Process_2018,regulation of actin filament-based process (GO:0032970),1/20,0.0677517854338835,0.1579786390756397,0.0865730505413165,0.2027147780636825,-2.17978494168905,5.86777282011041,Rok
GO_Biological_Process_2018,neuroblast development (GO:0014019),1/21,0.0710179203184068,0.1579786390756397,0.0905087388296564,0.2027147780636825,-2.2020095479566524,5.82392557558752,numb
GO_Biological_Process_2018,formation of animal organ boundary (GO:0010160),1/21,0.0710179203184068,0.1579786390756397,0.0905087388296564,0.2027147780636825,-2.192081466358591,5.79766755668423,robo2
GO_Biological_Process_2018,ATP generation from ADP (GO:0006757),1/21,0.0710179203184068,0.1579786390756397,0.0905087388296564,0.2027147780636825,-2.165854809837915,5.728302691388959,Hex-A
GO_Biological_Process_2018,glycolytic process (GO:0006096),1/21,0.0710179203184068,0.1579786390756397,0.0905087388296564,0.2027147780636825,-2.1390974548138297,5.657534222467264,Hex-A
GO_Biological_Process_2018,"regulation of female receptivity, post-mating (GO:0046008)",1/23,0.0775163884607302,0.1619929881456818,0.0983307990133446,0.207854196405982,-2.198707371290979,5.622679386811112,egh
GO_Biological_Process_2018,dosage compensation (GO:0007549),1/21,0.0710179203184068,0.1579786390756397,0.0905087388296564,0.2027147780636825,-2.1215850482546945,5.6112170062024775,Sxl
GO_Biological_Process_2018,translation (GO:0006412),4/225,0.0080119985674455,0.1345056624303814,0.0160482373086931,0.1875494608760724,-1.1526366276106033,5.56356380978232,RpL39;mRpL33;RpL41;CG13364
GO_Biological_Process_2018,regulation of phosphorylation (GO:0042325),1/23,0.0775163884607302,0.1619929881456818,0.0983307990133446,0.207854196405982,-2.1436938304628077,5.481995134759675,Rok
GO_Biological_Process_2018,regulation of RNA splicing (GO:0043484),1/22,0.0742727752006275,0.1619146499373681,0.0944279660631227,0.207234529547927,-2.088394055016536,5.429847121975586,Sxl
GO_Biological_Process_2018,positive regulation of actin filament polymerization (GO:0030838),1/22,0.0742727752006275,0.1619146499373681,0.0944279660631227,0.207234529547927,-2.07845990431747,5.404018222753706,capu
GO_Biological_Process_2018,neuroblast differentiation (GO:0014016),1/25,0.0839700430681121,0.1624745803743944,0.1060875478379756,0.207854196405982,-2.146235502571452,5.316858852547341,numb
GO_Biological_Process_2018,regulation of secretion by cell (GO:1903530),1/25,0.0839700430681121,0.1624745803743944,0.1060875478379756,0.207854196405982,-2.143106926339585,5.309108445746997,Frq2
GO_Biological_Process_2018,"tracheal outgrowth, open tracheal system (GO:0007426)",1/26,0.0871801605679093,0.163359098222386,0.1099415959468857,0.207854196405982,-2.13382810978095,5.206067924403342,robo2
GO_Biological_Process_2018,dsRNA transport (GO:0033227),1/27,0.0903791887415197,0.1641888595470941,0.1137795142405834,0.207854196405982,-2.15896641324419,5.189596627304948,egh
GO_Biological_Process_2018,cellular response to radiation (GO:0071478),1/24,0.0807487983723123,0.1619929881456818,0.1022173041908427,0.207854196405982,-2.030445416202036,5.10943761235542,ninaE
GO_Biological_Process_2018,nicotinamide nucleotide metabolic process (GO:0046496),1/24,0.0807487983723123,0.1619929881456818,0.1022173041908427,0.207854196405982,-2.028845467739994,5.105411482529641,Hex-A
GO_Biological_Process_2018,regulation of stem cell proliferation (GO:0072091),1/25,0.0839700430681121,0.1624745803743944,0.1060875478379756,0.207854196405982,-2.0507391228785314,5.080286132010293,numb
GO_Biological_Process_2018,detection of UV (GO:0009589),1/7,0.0242478446556644,0.1345056624303814,0.0338802824299768,0.1875494608760724,-1.3493648968126313,5.018864966442656,ninaE
GO_Biological_Process_2018,regulation of RNA polymerase II transcriptional preinitiation complex assembly (GO:0045898),1/12,0.0412119758635071,0.1375134296670085,0.0544868464318864,0.1875494608760724,-1.5639775931360165,4.987565815636867,Dsp1
GO_Biological_Process_2018,non-sensory hair organization (GO:0035316),1/25,0.0839700430681121,0.1624745803743944,0.1060875478379756,0.207854196405982,-2.0031013817881083,4.962273385912062,Rok
GO_Biological_Process_2018,regulation of imaginal disc-derived wing size (GO:0044719),1/27,0.0903791887415197,0.1641888595470941,0.1137795142405834,0.207854196405982,-2.062285412244231,4.9572005170014455,fru
GO_Biological_Process_2018,negative regulation of cellular macromolecule biosynthetic process (GO:2000113),3/179,0.0249166573984068,0.1345056624303814,0.0425265846330094,0.1875494608760724,-1.3228683676790884,4.884319360963412,Dsp1;Sxl;Eip78C
GO_Biological_Process_2018,regulation of actin filament bundle assembly (GO:0032231),1/8,0.0276641729154105,0.1345056624303814,0.0380361617813779,0.1875494608760724,-1.3570699059254414,4.868647199719958,Rok
GO_Biological_Process_2018,apical constriction (GO:0003383),1/25,0.0839700430681121,0.1624745803743944,0.1060875478379756,0.207854196405982,-1.96168085135474,4.859662505769597,Rok
GO_Biological_Process_2018,establishment of imaginal disc-derived wing hair orientation (GO:0001737),1/25,0.0839700430681121,0.1624745803743944,0.1060875478379756,0.207854196405982,-1.9558308301167728,4.845170276389639,Rok
GO_Biological_Process_2018,protein N-linked glycosylation (GO:0006487),1/27,0.0903791887415197,0.1641888595470941,0.1137795142405834,0.207854196405982,-1.9740804073027909,4.7451785080681645,CG33774
GO_Biological_Process_2018,sensory organ precursor cell fate determination (GO:0016360),1/24,0.0807487983723123,0.1619929881456818,0.1022173041908427,0.207854196405982,-1.8766096676781263,4.722323458307804,numb
GO_Biological_Process_2018,response to UV (GO:0009411),1/28,0.0935671653427092,0.1671937872517263,0.1176013681878826,0.2124621403173349,-1.9832642676197747,4.698503291507673,ninaE
GO_Biological_Process_2018,negative regulation of gene expression (GO:0010629),4/245,0.0107171877145109,0.1345056624303814,0.0211660360513833,0.1875494608760724,-1.0274506596466462,4.660420123281623,Dsp1;Sxl;Eip78C;numb
GO_Biological_Process_2018,detection of visible light (GO:0009584),1/21,0.0710179203184068,0.1579786390756397,0.0905087388296564,0.2027147780636825,-1.760537649419951,4.65631052906017,ninaE
GO_Biological_Process_2018,Rho protein signal transduction (GO:0007266),1/26,0.0871801605679093,0.163359098222386,0.1099415959468857,0.207854196405982,-1.908228313493191,4.65565439398725,Rok
GO_Biological_Process_2018,mitochondrial ATP synthesis coupled electron transport (GO:0042775),2/72,0.026367776112576,0.1345056624303814,0.0399305421054493,0.1875494608760724,-1.2786698742611435,4.648748326776915,ND-MNLL;ox
GO_Biological_Process_2018,cell fate determination involved in pattern specification (GO:0060582),1/24,0.0807487983723123,0.1619929881456818,0.1022173041908427,0.207854196405982,-1.843512558020597,4.639037487852736,numb
GO_Biological_Process_2018,regulation of cell development (GO:0060284),1/33,0.1093425874548849,0.1727295946751081,0.1364719461614563,0.2166326524019234,-2.074721177698549,4.591916733250626,numb
GO_Biological_Process_2018,central nervous system development (GO:0007417),3/170,0.0218016399097867,0.1345056624303814,0.0374530339070996,0.1875494608760724,-1.1961462822740725,4.576180666157338,robo2;fru;numb
GO_Biological_Process_2018,peripheral nervous system development (GO:0007422),2/79,0.0312919423381698,0.1345056624303814,0.0470189302065385,0.1875494608760724,-1.3179601519948556,4.56593409666765,RabX1;numb
GO_Biological_Process_2018,regulation of nervous system development (GO:0051960),1/33,0.1093425874548849,0.1727295946751081,0.1364719461614563,0.2166326524019234,-2.0564211829938435,4.5514139163872285,numb
GO_Biological_Process_2018,actin cytoskeleton reorganization (GO:0031532),1/24,0.0807487983723123,0.1619929881456818,0.1022173041908427,0.207854196405982,-1.8059813199452024,4.5445934225602125,Rok
GO_Biological_Process_2018,regulation of cell division (GO:0051302),1/26,0.0871801605679093,0.163359098222386,0.1099415959468857,0.207854196405982,-1.846000333928844,4.503831907946595,numb
GO_Biological_Process_2018,mitotic sister chromatid segregation (GO:0000070),2/76,0.0291397862312015,0.1345056624303814,0.043927088891759,0.1875494608760724,-1.2715438565303947,4.495735071588274,bel;Rok
GO_Biological_Process_2018,negative regulation of signal transduction (GO:0009968),3/146,0.0146081078648483,0.1345056624303814,0.0255754772770081,0.1875494608760724,-1.0500591311252812,4.437737398454009,Arr2;Arr1;numb
GO_Biological_Process_2018,regulation of mRNA processing (GO:0050684),1/26,0.0871801605679093,0.163359098222386,0.1099415959468857,0.207854196405982,-1.8110918468653847,4.418662932077599,Sxl
GO_Biological_Process_2018,smoothened signaling pathway (GO:0007224),1/29,0.0967441280186004,0.1691728869630072,0.1214072230011625,0.2145954698452981,-1.8713533517543013,4.370893153356985,Sxl
GO_Biological_Process_2018,positive regulation of cell-cell adhesion (GO:0022409),1/12,0.0412119758635071,0.1375134296670085,0.0544868464318864,0.1875494608760724,-1.362622979026593,4.345440637782368,robo2
GO_Biological_Process_2018,axon midline choice point recognition (GO:0016199),1/26,0.0871801605679093,0.163359098222386,0.1099415959468857,0.207854196405982,-1.7785640422516953,4.339302294041963,fru
GO_Biological_Process_2018,photoreceptor cell development (GO:0042461),1/29,0.0967441280186004,0.1691728869630072,0.1214072230011625,0.2145954698452981,-1.834801378920229,4.285519235249876,ninaE
GO_Biological_Process_2018,regulation of axonogenesis (GO:0050770),1/29,0.0967441280186004,0.1691728869630072,0.1214072230011625,0.2145954698452981,-1.8289887000766425,4.2719426447378375,Rok
GO_Biological_Process_2018,cortical actin cytoskeleton organization (GO:0030866),1/32,0.1062093067757766,0.1727295946751081,0.1327294408958787,0.2166326524019234,-1.8986707086117904,4.257471997265291,Rok
GO_Biological_Process_2018,Ras protein signal transduction (GO:0007265),2/85,0.0357778802802068,0.1345056624303814,0.0534349285965518,0.1875494608760724,-1.2757550966894855,4.248807236627946,RabX1;Rok
GO_Biological_Process_2018,regulation of endocytosis (GO:0030100),1/32,0.1062093067757766,0.1727295946751081,0.1327294408958787,0.2166326524019234,-1.891904126208188,4.2422989949274665,numb
GO_Biological_Process_2018,sensory organ boundary specification (GO:0008052),1/27,0.0903791887415197,0.1641888595470941,0.1137795142405834,0.207854196405982,-1.7646225348584343,4.2416959797011256,numb
GO_Biological_Process_2018,regulation of DNA binding (GO:0051101),1/10,0.034461496392694,0.1345056624303814,0.0462959305230056,0.1875494608760724,-1.2589642230141158,4.240081500831995,Dsp1
GO_Biological_Process_2018,carbohydrate catabolic process (GO:0016052),1/32,0.1062093067757766,0.1727295946751081,0.1327294408958787,0.2166326524019234,-1.8651811167555392,4.182376827322905,Hex-A
GO_Biological_Process_2018,ventral cord development (GO:0007419),2/83,0.0342561687711927,0.1345056624303814,0.0512626689671422,0.1875494608760724,-1.2388473978803456,4.179733138100783,robo2;numb
GO_Biological_Process_2018,cellular calcium ion homeostasis (GO:0006874),1/30,0.0999101142476234,0.1727295946751081,0.1251971436295518,0.2166326524019234,-1.809339588062284,4.167785433499572,Cbp53E
GO_Biological_Process_2018,axon choice point recognition (GO:0016198),1/28,0.0935671653427092,0.1671937872517263,0.1176013681878826,0.2124621403173349,-1.756847068895519,4.162103795571301,fru
GO_Biological_Process_2018,respiratory electron transport chain (GO:0022904),2/77,0.029850298226353,0.1345056624303814,0.0449488607918432,0.1875494608760724,-1.1843397450141775,4.158880606013546,ND-MNLL;ox
GO_Biological_Process_2018,regulation of actin cytoskeleton organization (GO:0032956),1/31,0.1030651614149303,0.1727295946751081,0.1289711947817048,0.2166326524019234,-1.8259284522583408,4.149228595832848,Rok
GO_Biological_Process_2018,organic substance transport (GO:0071702),1/31,0.1030651614149303,0.1727295946751081,0.1289711947817048,0.2166326524019234,-1.814654299452158,4.123609280268021,apolpp
GO_Biological_Process_2018,peptide biosynthetic process (GO:0043043),2/94,0.0429390989262278,0.1388029313911182,0.0636045917773635,0.1925805695481284,-1.3033932676023503,4.103046125607004,mRpL33;RpL41
GO_Biological_Process_2018,cellular response to light stimulus (GO:0071482),1/32,0.1062093067757766,0.1727295946751081,0.1327294408958787,0.2166326524019234,-1.8292651114960023,4.101840804961286,ninaE
GO_Biological_Process_2018,neuroblast fate determination (GO:0007400),1/27,0.0903791887415197,0.1641888595470941,0.1137795142405834,0.207854196405982,-1.7032758929618208,4.094234525956342,numb
GO_Biological_Process_2018,salivary gland cell autophagic cell death (GO:0035071),1/32,0.1062093067757766,0.1727295946751081,0.1327294408958787,0.2166326524019234,-1.824205321205037,4.0904950168906575,bel
GO_Biological_Process_2018,male gamete generation (GO:0048232),2/124,0.0701143250026156,0.1579786390756397,0.1015274132053175,0.207854196405982,-1.535789615411169,4.081557721848884,bel;Imp
GO_Biological_Process_2018,glial cell migration (GO:0008347),1/30,0.0999101142476234,0.1727295946751081,0.1251971436295518,0.2166326524019234,-1.719360957457482,3.960521065641157,numb
GO_Biological_Process_2018,negative regulation of neuroblast proliferation (GO:0007406),1/33,0.1093425874548849,0.1727295946751081,0.1364719461614563,0.2166326524019234,-1.7890132703214845,3.959568186945197,numb
GO_Biological_Process_2018,negative regulation of neural precursor cell proliferation (GO:2000178),1/33,0.1093425874548849,0.1727295946751081,0.1364719461614563,0.2166326524019234,-1.7870003670776993,3.955113089948596,numb
GO_Biological_Process_2018,RNA interference (GO:0016246),1/32,0.1062093067757766,0.1727295946751081,0.1327294408958787,0.2166326524019234,-1.75187935291303,3.9283153491464495,bel
GO_Biological_Process_2018,neuroblast fate commitment (GO:0014017),1/31,0.1030651614149303,0.1727295946751081,0.1289711947817048,0.2166326524019234,-1.7259802189330604,3.922106844537879,numb
GO_Biological_Process_2018,regulation of cytoskeleton organization (GO:0051493),1/33,0.1093425874548849,0.1727295946751081,0.1364719461614563,0.2166326524019234,-1.7678679896820082,3.912767986011499,Rok
GO_Biological_Process_2018,heart development (GO:0007507),2/87,0.0373254177932917,0.1345056624303814,0.055639856772785,0.1877257588207954,-1.1759717767039073,3.8666901523852464,robo2;numb
GO_Biological_Process_2018,"mitochondrial electron transport, NADH to ubiquinone (GO:0006120)",1/32,0.1062093067757766,0.1727295946751081,0.1327294408958787,0.2166326524019234,-1.7020590767992223,3.816601174862041,ND-MNLL
GO_Biological_Process_2018,neuroblast division (GO:0055057),1/35,0.1155767026359348,0.1757841012183753,0.1439099896657534,0.221974370852365,-1.7403661222157405,3.755398352742555,numb
GO_Biological_Process_2018,asymmetric neuroblast division (GO:0055059),1/34,0.1124650404455446,0.1736775588808662,0.1401987745243024,0.2183095203306995,-1.717853904379356,3.753704653295392,numb
GO_Biological_Process_2018,sister chromatid segregation (GO:0000819),1/34,0.1124650404455446,0.1736775588808662,0.1401987745243024,0.2183095203306995,-1.6963461533547544,3.706707790001517,bel
GO_Biological_Process_2018,DNA-dependent DNA replication (GO:0006261),1/36,0.1186776107621425,0.1780164161432137,0.1476056550211387,0.224497903218197,-1.7250650541693124,3.676708114637652,Dsp1
GO_Biological_Process_2018,amino acid transmembrane transport (GO:0003333),1/36,0.1186776107621425,0.1780164161432137,0.1476056550211387,0.224497903218197,-1.695012671203979,3.612656130020732,mnd
GO_Biological_Process_2018,pyruvate metabolic process (GO:0006090),1/34,0.1124650404455446,0.1736775588808662,0.1401987745243024,0.2183095203306995,-1.648327689095911,3.601782026365266,Hex-A
GO_Biological_Process_2018,posttranscriptional gene silencing by RNA (GO:0035194),1/38,0.1248473112618671,0.1814447590339136,0.1549505888807934,0.2272145406458271,-1.690543034049915,3.517451690308066,bel
GO_Biological_Process_2018,lipid transport (GO:0006869),1/33,0.1093425874548849,0.1727295946751081,0.1364719461614563,0.2166326524019234,-1.584976929764718,3.507980813921346,apolpp
GO_Biological_Process_2018,regulation of neuron projection development (GO:0010975),1/37,0.121767801464799,0.1785563725515214,0.1512858337828006,0.2248657620317082,-1.6580671613076532,3.491291400838484,Rok
GO_Biological_Process_2018,regulation of cell morphogenesis involved in differentiation (GO:0010769),1/39,0.127916176517608,0.1850822554037957,0.1585999830105932,0.231279611211983,-1.6973342924084955,3.4903644628735697,Rok
GO_Biological_Process_2018,cellular respiration (GO:0045333),1/35,0.1155767026359348,0.1757841012183753,0.1439099896657534,0.221974370852365,-1.613422166540247,3.48147603493311,ox
GO_Biological_Process_2018,male mating behavior (GO:0060179),2/101,0.0488462614574973,0.1452066136054692,0.0719328094924143,0.1937774690068268,-1.139017482659667,3.438781979383459,egh;fru
GO_Biological_Process_2018,sphingolipid biosynthetic process (GO:0030148),1/37,0.121767801464799,0.1785563725515214,0.1512858337828006,0.2248657620317082,-1.6195704134486626,3.410231135068344,egh
GO_Biological_Process_2018,regulation of JAK-STAT cascade (GO:0046425),1/29,0.0967441280186004,0.1691728869630072,0.1214072230011625,0.2145954698452981,-1.4544878820112968,3.397226461354356,Imp
GO_Biological_Process_2018,negative regulation of stem cell proliferation (GO:2000647),1/38,0.1248473112618671,0.1814447590339136,0.1549505888807934,0.2272145406458271,-1.61440007084805,3.3590237832835137,numb
GO_Biological_Process_2018,regulation of cellular localization (GO:0060341),1/23,0.0775163884607302,0.1619929881456818,0.0983307990133446,0.207854196405982,-1.313245853759344,3.3583188414073963,Frq2
GO_Biological_Process_2018,Rab protein signal transduction (GO:0032482),1/37,0.121767801464799,0.1785563725515214,0.1512858337828006,0.2248657620317082,-1.5827391569111433,3.332677793302558,RabX1
GO_Biological_Process_2018,epithelium development (GO:0060429),2/85,0.0357778802802068,0.1345056624303814,0.0534349285965518,0.1875494608760724,-0.9970675959380076,3.3206592926978904,robo2;numb
GO_Biological_Process_2018,mitochondrial respiratory chain complex assembly (GO:0033108),1/37,0.121767801464799,0.1785563725515214,0.1512858337828006,0.2248657620317082,-1.5749507772565383,3.316278274906004,ox
GO_Biological_Process_2018,glycolipid biosynthetic process (GO:0009247),1/43,0.1400859156033713,0.193283098743892,0.1730451949999381,0.2397702490041516,-1.6690530985194485,3.280522799813334,egh
GO_Biological_Process_2018,glucose homeostasis (GO:0042593),1/36,0.1186776107621425,0.1780164161432137,0.1476056550211387,0.224497903218197,-1.5095508514398197,3.217373079080542,Hex-A
GO_Biological_Process_2018,carboxylic acid transmembrane transport (GO:1905039),1/42,0.1370592670829248,0.1923535636743194,0.1694566227775089,0.2388461881389889,-1.5778748254091337,3.1357766592229828,mnd
GO_Biological_Process_2018,oogenesis (GO:0048477),3/216,0.0401070397746508,0.1375134296670085,0.0668006986171642,0.1937774690068268,-0.968089393208578,3.1135724023946696,Sxl;bel;capu
GO_Biological_Process_2018,neuron maturation (GO:0042551),1/44,0.1431020997053007,0.1957924125675035,0.1766187160217007,0.2426652106684712,-1.5960073742720209,3.102952620613788,Imp
GO_Biological_Process_2018,negative regulation of cellular amide metabolic process (GO:0034249),1/45,0.1461078550176425,0.1974267297139219,0.1801772470564471,0.2439913535361017,-1.599428559451942,3.0763572006311426,Sxl
GO_Biological_Process_2018,neuron remodeling (GO:0016322),1/44,0.1431020997053007,0.1957924125675035,0.1766187160217007,0.2426652106684712,-1.5722629780022863,3.056788838529968,Imp
GO_Biological_Process_2018,amino acid transport (GO:0006865),1/40,0.1309744334908215,0.1870246277358018,0.1622340786126691,0.2326778232734333,-1.4864752004221515,3.0216371297338047,mnd
GO_Biological_Process_2018,regulation of embryonic development (GO:0045995),1/41,0.1340221183383552,0.1897196220633859,0.165852937880851,0.2357996116827751,-1.485211944240029,2.9849053442101816,Yp3
GO_Biological_Process_2018,chorion-containing eggshell formation (GO:0007304),1/42,0.1370592670829248,0.1923535636743194,0.1694566227775089,0.2388461881389889,-1.501796492034166,2.984583004169928,capu
GO_Biological_Process_2018,female gamete generation (GO:0007292),3/208,0.0365005690331519,0.1345056624303814,0.0610999560477264,0.1913392098244559,-0.8984905675988569,2.974387819286951,Sxl;bel;capu
GO_Biological_Process_2018,courtship behavior (GO:0007619),2/109,0.0559347759872826,0.1478788902433333,0.0818610342368222,0.2001260205331767,-1.0208131314139688,2.9435850817214706,egh;fru
GO_Biological_Process_2018,regulation of smoothened signaling pathway (GO:0008589),1/40,0.1309744334908215,0.1870246277358018,0.1622340786126691,0.2326778232734333,-1.4304846940856446,2.90782225222294,apolpp
GO_Biological_Process_2018,male courtship behavior (GO:0008049),2/113,0.0596067204957178,0.1510961054426335,0.0869777216017124,0.2027147780636825,-1.028808102871066,2.90122542545982,egh;fru
GO_Biological_Process_2018,cellular protein metabolic process (GO:0044267),2/132,0.0781079394896591,0.1619929881456818,0.1125101116356769,0.207854196405982,-1.1367540069618929,2.898340278812362,mRpL33;RpL41
GO_Biological_Process_2018,regulation of neurogenesis (GO:0050767),1/45,0.1461078550176425,0.1974267297139219,0.1801772470564471,0.2439913535361017,-1.4935939014407569,2.872793740215875,numb
GO_Biological_Process_2018,negative regulation of neurogenesis (GO:0050768),1/41,0.1340221183383552,0.1897196220633859,0.165852937880851,0.2357996116827751,-1.4230919560825983,2.8600596712727304,numb
GO_Biological_Process_2018,rhabdomere development (GO:0042052),1/43,0.1400859156033713,0.193283098743892,0.1730451949999381,0.2397702490041516,-1.4551137915125554,2.8600252284449064,ninaE
GO_Biological_Process_2018,RNA transport (GO:0050658),1/52,0.1668591065855308,0.214814676588459,0.2046723370551679,0.2655867230834917,-1.5956010737244208,2.857092051712772,egh
GO_Biological_Process_2018,positive regulation of canonical Wnt signaling pathway (GO:0090263),1/37,0.121767801464799,0.1785563725515214,0.1512858337828006,0.2248657620317082,-1.3392495151447532,2.8199764309392843,apolpp
GO_Biological_Process_2018,vesicle-mediated transport (GO:0016192),3/235,0.049368296310729,0.1454363323748505,0.0812870388331964,0.2001260205331767,-0.9270106133160028,2.7888621464767103,Frq2;RabX1;Arr1
GO_Biological_Process_2018,stem cell development (GO:0048864),1/22,0.0742727752006275,0.1619146499373681,0.0944279660631227,0.207234529547927,-1.0705289961598077,2.783386964173157,numb
GO_Biological_Process_2018,negative regulation of nucleic acid-templated transcription (GO:1903507),2/132,0.0781079394896591,0.1619929881456818,0.1125101116356769,0.207854196405982,-1.0862144310267572,2.7694813632424164,Dsp1;Eip78C
GO_Biological_Process_2018,gliogenesis (GO:0042063),1/43,0.1400859156033713,0.193283098743892,0.1730451949999381,0.2397702490041516,-1.3954716231231918,2.742798584544138,numb
GO_Biological_Process_2018,negative regulation of Notch signaling pathway (GO:0045746),1/53,0.1697827010676855,0.2152992573978151,0.2081131234825646,0.267925162908656,-1.506518197590118,2.6714121347611584,numb
GO_Biological_Process_2018,spermatogenesis (GO:0007283),2/141,0.0874245938499007,0.163359098222386,0.1252229559422879,0.2166326524019234,-1.0742278237531206,2.6178702628502,bel;Imp
GO_Biological_Process_2018,asymmetric stem cell division (GO:0098722),1/34,0.1124650404455446,0.1736775588808662,0.1401987745243024,0.2183095203306995,-1.195522251730709,2.612351043356674,numb
GO_Biological_Process_2018,sensory perception of smell (GO:0007608),2/130,0.0760832282434256,0.1619929881456818,0.1097350228290734,0.207854196405982,-0.996359619980313,2.566550074677304,Arr2;Arr1
GO_Biological_Process_2018,positive regulation of Wnt signaling pathway (GO:0030177),1/43,0.1400859156033713,0.193283098743892,0.1730451949999381,0.2397702490041516,-1.2757895502906922,2.5075635467827797,apolpp
GO_Biological_Process_2018,protein glycosylation (GO:0006486),1/52,0.1668591065855308,0.214814676588459,0.2046723370551679,0.2655867230834917,-1.3737937354105891,2.4599226127196103,CG33774
GO_Biological_Process_2018,neuromuscular junction development (GO:0007528),1/51,0.1639253643284632,0.2135601359976393,0.2012170418196232,0.2642488862450474,-1.3566688089656755,2.4533239689254183,Frq2
GO_Biological_Process_2018,regulation of neuroblast proliferation (GO:1902692),1/49,0.1580272974500509,0.2083666381700268,0.1942626874003296,0.2571817764368736,-1.3166521249563772,2.4292067021319546,numb
GO_Biological_Process_2018,synaptic target recognition (GO:0008039),1/47,0.15208822133594,0.2029089290708002,0.1872495828648197,0.2499208718236574,-1.282793944293072,2.415878809397669,robo2
GO_Biological_Process_2018,imaginal disc-derived wing hair organization (GO:0035317),1/45,0.1461078550176425,0.1974267297139219,0.1801772470564471,0.2439913535361017,-1.2474894307776605,2.399433891813917,Rok
GO_Biological_Process_2018,stem cell fate determination (GO:0048867),1/32,0.1062093067757766,0.1727295946751081,0.1327294408958787,0.2166326524019234,-1.041024841566614,2.3343353280400803,numb
GO_Biological_Process_2018,gonad development (GO:0008406),1/50,0.1609814395597062,0.2105637229440957,0.1977471784501937,0.2607392231984409,-1.2368300457239836,2.2590282772226566,robo2
GO_Biological_Process_2018,protein transport (GO:0015031),2/146,0.0927383070473522,0.1671937872517263,0.1324333369129865,0.2166326524019234,-0.9437960500713732,2.2443221427744464,unc-119;RabX1
GO_Biological_Process_2018,anterior/posterior pattern specification (GO:0009952),1/46,0.1491032170866918,0.2006450699067827,0.1837208490909803,0.2472292907520599,-1.1514094519384148,2.191266304063091,pcs
GO_Biological_Process_2018,Notch signaling pathway (GO:0007219),1/60,0.1899666154357464,0.2352995577556404,0.2317973155784417,0.2898533596518636,-1.3002640845192288,2.159617629449207,numb
GO_Biological_Process_2018,instar larval development (GO:0002168),1/57,0.1813762911580949,0.22551348748554,0.2217323592806501,0.2788710826337406,-1.2468822651122282,2.128654272188588,bel
GO_Biological_Process_2018,embryo development ending in birth or egg hatching (GO:0009792),1/57,0.1813762911580949,0.22551348748554,0.2217323592806501,0.2788710826337406,-1.234693197121467,2.1078453214331647,Yp3
GO_Biological_Process_2018,regulation of protein phosphorylation (GO:0001932),1/49,0.1580272974500509,0.2083666381700268,0.1942626874003296,0.2571817764368736,-1.1405962753064145,2.104385861597941,Rok
GO_Biological_Process_2018,cellular macromolecule biosynthetic process (GO:0034645),2/166,0.114869485299133,0.1757841012183753,0.1621675724710842,0.2326778232734333,-0.9674061769358042,2.0934270183925023,mRpL33;RpL41
GO_Biological_Process_2018,establishment of planar polarity (GO:0001736),1/53,0.1697827010676855,0.2152992573978151,0.2081131234825646,0.267925162908656,-1.1765660172038774,2.086329086986039,Rok
GO_Biological_Process_2018,actomyosin structure organization (GO:0031032),1/52,0.1668591065855308,0.214814676588459,0.2046723370551679,0.2655867230834917,-1.163553977282646,2.0834661463803896,Rok
GO_Biological_Process_2018,circulatory system development (GO:0072359),1/55,0.1755995848938449,0.2208502471549511,0.2149514060131402,0.2745668350245971,-1.1974859937989863,2.083085517180303,numb
GO_Biological_Process_2018,negative regulation of translation (GO:0017148),1/61,0.1928102632234881,0.2370261506544384,0.2351241390744449,0.2898533596518636,-1.2486366685256265,2.055316722215051,Sxl
GO_Biological_Process_2018,neuropeptide signaling pathway (GO:0007218),1/57,0.1813762911580949,0.22551348748554,0.2217323592806501,0.2788710826337406,-1.181590004571142,2.017188536224236,ITP
GO_Biological_Process_2018,mitotic cytokinesis (GO:0000281),1/65,0.2040867834631154,0.2471717710831065,0.2482921483894388,0.3007093797160981,-1.2623010947662054,2.00606148048316,Rok
GO_Biological_Process_2018,negative regulation of cellular protein metabolic process (GO:0032269),1/65,0.2040867834631154,0.2471717710831065,0.2482921483894388,0.3007093797160981,-1.236710510700589,1.9653926692384005,Sxl
GO_Biological_Process_2018,sensory perception of sound (GO:0007605),1/63,0.1984680705661468,0.2421606681907836,0.2417358869685598,0.2949538620847726,-1.1688652209942063,1.890203561255408,Arr2
GO_Biological_Process_2018,cytoskeleton-dependent cytokinesis (GO:0061640),1/69,0.2152079890269868,0.2559018633157261,0.2612400148453383,0.312913863935625,-1.227457399519909,1.8855590864516565,Rok
GO_Biological_Process_2018,gene expression (GO:0010467),2/164,0.1125982950542619,0.1736775588808662,0.1591373471642084,0.231279611211983,-0.8402362699679439,1.835016108969489,mRpL33;RpL41
GO_Biological_Process_2018,morphogenesis of a polarized epithelium (GO:0001738),1/47,0.15208822133594,0.2029089290708002,0.1872495828648197,0.2499208718236574,-0.9732786971172084,1.8329704396128983,Rok
GO_Biological_Process_2018,modulation of chemical synaptic transmission (GO:0050804),1/70,0.2179642702323079,0.2573080013211722,0.264443003819091,0.3155943877694992,-1.1925224604627782,1.816717489024872,Frq2
GO_Biological_Process_2018,mitotic nuclear division (GO:0140014),1/67,0.209666668118227,0.2511391958778763,0.2547933749861799,0.3074444045036193,-1.1461563458633683,1.7905670535982503,bel
GO_Biological_Process_2018,response to light stimulus (GO:0009416),1/62,0.1956440704112169,0.239609030054187,0.2384369771986663,0.2920183203893779,-1.0951849247385794,1.7867484674983334,ninaE
GO_Biological_Process_2018,cell morphogenesis involved in neuron differentiation (GO:0048667),2/160,0.1080926459310406,0.1727295946751081,0.153111831472907,0.2265500854825366,-0.8001560980276571,1.7801605511892336,ninaE;fru
GO_Biological_Process_2018,regulation of cellular component organization (GO:0051128),1/71,0.2207110088742124,0.2596133089995232,0.2676325125377324,0.3182393876357764,-1.1161300064112654,1.6863620380677895,Rok
GO_Biological_Process_2018,negative regulation of macromolecule metabolic process (GO:0010605),1/73,0.226175988576802,0.2632012393758515,0.2739713090960806,0.32226121609503,-1.1095056690252312,1.6492156839164993,numb
GO_Biological_Process_2018,sensory perception of mechanical stimulus (GO:0050954),1/72,0.2234482374928439,0.2618909450184945,0.2708085960296535,0.3208493148612199,-1.0897255536091068,1.63303600692163,Arr2
GO_Biological_Process_2018,chromatin remodeling (GO:0006338),1/73,0.226175988576802,0.2632012393758515,0.2739713090960806,0.32226121609503,-1.0933437660017142,1.625191954527411,Dsp1
GO_Biological_Process_2018,proteasome-mediated ubiquitin-dependent protein catabolic process (GO:0043161),2/178,0.128736695177099,0.1854488956956448,0.1805685246352802,0.2439913535361017,-0.7853199914901691,1.609895053420165,Ubr1;CG18467
GO_Biological_Process_2018,regulation of canonical Wnt signaling pathway (GO:0060828),1/68,0.2124421325861833,0.2535349538528537,0.258023490390556,0.310197357932764,-1.0014539410893817,1.5513379242143843,apolpp
GO_Biological_Process_2018,mitotic spindle organization (GO:0007052),1/74,0.2288942944152383,0.2654199796942657,0.2771207063303748,0.324797386989364,-0.9991082429472302,1.473180087140043,Rok
GO_Biological_Process_2018,compound eye photoreceptor development (GO:0042051),1/78,0.2396737087321418,0.2740325271168194,0.2895862210743403,0.3322620852326641,-1.0060976520775369,1.4371871823076128,ninaE
GO_Biological_Process_2018,cilium organization (GO:0044782),1/77,0.236992862491981,0.2728755846298514,0.2864895456347043,0.3310320898323262,-0.9931983424296574,1.429932736192508,unc-119
GO_Biological_Process_2018,actin filament organization (GO:0007015),1/78,0.2396737087321418,0.2740325271168194,0.2895862210743403,0.3322620852326641,-0.9667015302969854,1.3809107352463144,capu
GO_Biological_Process_2018,"RNA splicing, via transesterification reactions with bulged adenosine as nucleophile (GO:0000377)",2/198,0.1526470842550974,0.2029089290708002,0.211905569890123,0.2717377308002754,-0.7273456004501411,1.367138182246877,Sxl;Imp
GO_Biological_Process_2018,cilium assembly (GO:0060271),1/79,0.2423452698273997,0.2761216140542149,0.2926698503997687,0.3346260177647705,-0.93057713357457,1.3189924307993308,unc-119
GO_Biological_Process_2018,sensory perception of chemical stimulus (GO:0007606),2/204,0.1599849494581454,0.2101007167582874,0.221427190453238,0.2788710826337406,-0.6970398484870892,1.2774478765867412,Arr2;Arr1
GO_Biological_Process_2018,plasma membrane bounded cell projection assembly (GO:0120031),1/86,0.2607888628772196,0.2930514026146076,0.3138944152262823,0.3551677293390807,-0.9475006288955388,1.2734826807359942,unc-119
GO_Biological_Process_2018,regulation of developmental growth (GO:0048638),1/76,0.2343026993170266,0.2707313875500625,0.2833797705489617,0.3285999467003918,-0.8540770350521698,1.239386555253291,Rok
GO_Biological_Process_2018,axonogenesis (GO:0007409),2/212,0.1698691388643312,0.2152992573978151,0.2341841315313757,0.2898533596518636,-0.6948251112241518,1.2317351722331202,robo2;egh
GO_Biological_Process_2018,mRNA processing (GO:0006397),2/213,0.171112125570723,0.2160373168402564,0.2357828552519747,0.2898533596518636,-0.6949797485764354,1.2269424288294737,Sxl;Imp
GO_Biological_Process_2018,"regulation of alternative mRNA splicing, via spliceosome (GO:0000381)",1/88,0.2659766834867062,0.2978574503429896,0.3198441645978113,0.3594125148573343,-0.9163682038616858,1.213589142721858,Sxl
GO_Biological_Process_2018,salivary gland development (GO:0007431),1/82,0.2503045587718129,0.2841999677721625,0.3018429936113348,0.3439117035223223,-0.8746965142494467,1.2115219079513309,robo2
GO_Biological_Process_2018,Malpighian tubule development (GO:0072002),1/61,0.1928102632234881,0.2370261506544384,0.2351241390744449,0.2898533596518636,-0.7336621450843531,1.207643595016758,numb
GO_Biological_Process_2018,mesoderm development (GO:0007498),1/83,0.2529392952506747,0.2861977492974762,0.3048749693713869,0.3461601214737622,-0.8763166348388056,1.2045898927513474,pcs
GO_Biological_Process_2018,anterograde trans-synaptic signaling (GO:0098916),1/89,0.2685571190056559,0.2997207437366876,0.3228002298424394,0.3614920382139646,-0.8833906494759304,1.161386314026683,Frq2
GO_Biological_Process_2018,regulation of translation (GO:0006417),1/96,0.2863714865217734,0.3142398526597983,0.3431463348025178,0.3765397700685346,-0.9286000310863064,1.161182215892343,Sxl
GO_Biological_Process_2018,"regulation of mRNA splicing, via spliceosome (GO:0048024)",1/93,0.2787897430419132,0.3097425160593771,0.3345002875309261,0.3727297400468523,-0.8894044958319944,1.1360340415679648,Sxl
GO_Biological_Process_2018,"mRNA splicing, via spliceosome (GO:0000398)",2/211,0.1686277493737247,0.2152992573978151,0.2325862361519669,0.2898533596518636,-0.6314987818635582,1.1241067698843916,Sxl;Imp
GO_Biological_Process_2018,mitochondrial gene expression (GO:0140053),1/94,0.2813257714667737,0.3097425160593771,0.3373945047518908,0.3727297400468523,-0.8262683588049564,1.0479081963194556,mRpL33
GO_Biological_Process_2018,mitochondrial translation (GO:0032543),1/94,0.2813257714667737,0.3097425160593771,0.3373945047518908,0.3727297400468523,-0.8157195873004353,1.03452980175443,mRpL33
GO_Biological_Process_2018,positive regulation of signal transduction (GO:0009967),1/107,0.3135050258784221,0.3394574286829272,0.3739254895280986,0.4048795863433385,-0.8895702875571855,1.0318480592969288,apolpp
GO_Biological_Process_2018,imaginal disc-derived wing morphogenesis (GO:0007476),2/240,0.2051856682308434,0.2475856587139697,0.2791385384116839,0.3259939359307879,-0.6443803608080315,1.0205953977853448,fru;Rok
GO_Biological_Process_2018,axon guidance (GO:0007411),2/242,0.2077421087137764,0.2497487851081061,0.2823554717865907,0.3285773639651785,-0.6488150362596506,1.019585469275441,robo2;egh
GO_Biological_Process_2018,regulation of signal transduction (GO:0009966),1/102,0.3013000467058382,0.3295154356950136,0.3601125666454561,0.3938354825854988,-0.8186766853127521,0.982124403106914,numb
GO_Biological_Process_2018,regulation of macromolecule metabolic process (GO:0060255),1/113,0.3278738454559048,0.3538440510365705,0.3901192627277245,0.4210197983893265,-0.8728550996558875,0.9733437319151336,bel
GO_Biological_Process_2018,proteasomal protein catabolic process (GO:0010498),1/94,0.2813257714667737,0.3097425160593771,0.3373945047518908,0.3727297400468523,-0.7226254905013466,0.9164639627020722,CG18467
GO_Biological_Process_2018,regulation of gene expression (GO:0010468),3/458,0.2160142677703416,0.2559299476844265,0.3179069919287944,0.3584675391748819,-0.5888318478175198,0.9023322941597632,Dsp1;bel;numb
GO_Biological_Process_2018,endocytosis (GO:0006897),1/104,0.3062074938821142,0.3337661683315045,0.3656728681509583,0.3985834262845446,-0.7618601488375717,0.9016556367722964,Arr1
GO_Biological_Process_2018,regulation of Notch signaling pathway (GO:0008593),1/117,0.3372879381043409,0.3604351495428741,0.4006884655041988,0.4281866935289967,-0.828214877028613,0.9001190827781075,numb
GO_Biological_Process_2018,morphogenesis of embryonic epithelium (GO:0016331),1/114,0.3302396537966801,0.3552248907615606,0.3927783990486961,0.4224951858188277,-0.7822466250740256,0.8666797165759321,Rok
GO_Biological_Process_2018,protein modification by small protein conjugation (GO:0032446),1/115,0.3325972533533541,0.3565878749067107,0.3954262808520044,0.4239488322577228,-0.7789775649503066,0.8575163968964337,Ubr1
GO_Biological_Process_2018,dorsal closure (GO:0007391),1/107,0.3135050258784221,0.3394574286829272,0.3739254895280986,0.4048795863433385,-0.733146935736235,0.8504063741790537,Rok
GO_Biological_Process_2018,"negative regulation of transcription, DNA-templated (GO:0045892)",2/279,0.2555049284597966,0.2881038331253568,0.3415629983051687,0.3760643112652867,-0.609228286453736,0.8313002702189008,Dsp1;Eip78C
GO_Biological_Process_2018,border follicle cell migration (GO:0007298),1/121,0.3465720305074089,0.3691500129508883,0.4110798009030957,0.4378602439586719,-0.699442394930073,0.7411743468384832,egh
GO_Biological_Process_2018,dendrite morphogenesis (GO:0048813),1/141,0.3911035978509424,0.4125512145072844,0.4604685162435854,0.487291924956804,-0.7784524149860876,0.7307977362123,fru
GO_Biological_Process_2018,open tracheal system development (GO:0007424),1/155,0.420481929232563,0.4392894276646905,0.4926232015145688,0.5163070092796924,-0.761247497112854,0.6595096428095968,robo2
GO_Biological_Process_2018,cellular protein localization (GO:0034613),1/164,0.4386254840148673,0.4538940926356381,0.5123034385347687,0.5301367860787006,-0.7981177177659873,0.6577362669051839,RabX1
GO_Biological_Process_2018,imaginal disc development (GO:0007444),1/140,0.3889498460489131,0.4116071186342867,0.4580975623268616,0.4863568275353368,-0.6792945485771757,0.6414611531991475,Dsp1
GO_Biological_Process_2018,sensory organ development (GO:0007423),1/143,0.3953886774867341,0.4157302171645082,0.465180256486177,0.4906901415192899,-0.6682182306779314,0.6200303440294843,numb
GO_Biological_Process_2018,organelle assembly (GO:0070925),1/161,0.4326407311916464,0.4505526085976699,0.5058271458222486,0.528452002184905,-0.6953259046800282,0.5825771512312441,unc-119
GO_Biological_Process_2018,chemical synaptic transmission (GO:0007268),1/154,0.418430641567985,0.4385474993356767,0.490389508495992,0.5156185507337279,-0.6489540198940107,0.5653973829436837,Frq2
GO_Biological_Process_2018,ubiquitin-dependent protein catabolic process (GO:0006511),1/164,0.4386254840148673,0.4538940926356381,0.5123034385347687,0.5301367860787006,-0.6805574342608273,0.5608537390677669,CG18467
GO_Biological_Process_2018,neuron projection morphogenesis (GO:0048812),1/180,0.4695084790010878,0.4797789769792366,0.5454764333609924,0.5574087303407642,-0.7344345444258286,0.5552831334438911,fru
GO_Biological_Process_2018,intracellular protein transport (GO:0006886),1/173,0.4562088639561167,0.4676498386007842,0.5312419172223873,0.5445645985320396,-0.6950609210660867,0.5454869659720865,RabX1
GO_Biological_Process_2018,protein ubiquitination (GO:0016567),1/168,0.446508451330648,0.4591454829720815,0.5208104792822164,0.5355503985071847,-0.6527468366838505,0.5263077841229364,Ubr1
GO_Biological_Process_2018,embryonic development via the syncytial blastoderm (GO:0001700),1/166,0.4425807034677263,0.4565422398547208,0.5165751209724183,0.532870866113504,-0.6035926453407509,0.4920079520674689,Rok
GO_Biological_Process_2018,"regulation of transcription, DNA-templated (GO:0006355)",3/623,0.3728767151787915,0.3958788502060546,0.5112721535836992,0.5301367860787006,-0.4862946869029877,0.4797333248540923,Dsp1;fru;Eip78C
GO_Biological_Process_2018,negative regulation of transcription from RNA polymerase II promoter (GO:0000122),1/192,0.491565845575459,0.5007539922217292,0.5689081905846882,0.5795419885395421,-0.624300355829471,0.4433527534738708,Dsp1
GO_Biological_Process_2018,protein phosphorylation (GO:0006468),1/235,0.5634312497482703,0.5721801821977776,0.6436260948100152,0.6536202888288042,-0.6636804661629714,0.3807600928431129,Rok
GO_Biological_Process_2018,regulation of nucleic acid-templated transcription (GO:1903506),1/246,0.5801451446883755,0.5873296046845164,0.6606211459262955,0.668802212748912,-0.6829742558339787,0.3718637447212433,Dsp1
GO_Biological_Process_2018,phosphorylation (GO:0016310),1/258,0.5976595467134361,0.6031934314052271,0.6782640185296746,0.6845442409234679,-0.6839294289957081,0.3520417355146158,Rok
GO_Biological_Process_2018,regulation of cellular macromolecule biosynthetic process (GO:2000112),1/266,0.608933644753561,0.6126809287212752,0.6895278710602369,0.6937711194975306,-0.6814384061783337,0.3380247785408568,Dsp1
GO_Biological_Process_2018,regulation of transcription from RNA polymerase II promoter (GO:0006357),2/630,0.6518387727797078,0.6538382782176823,0.767563047963364,0.7699175358405524,-0.3606931152069557,0.1543615145305836,Dsp1;fru
GO_Biological_Process_2018,cellular protein modification process (GO:0006464),1/391,0.7495428459587067,0.7495428459587067,0.8229633251706228,0.8229633251706229,-0.4912333628589206,0.1416185489336732,Rok
KEGG_2019,Dorso-ventral axis formation,2/28,0.0043038203270873,0.0301267422896112,0.0096690840928827,0.0676835886501789,-48.61247802957895,264.8530404965161,egh;capu
KEGG_2019,Galactose metabolism,1/37,0.121767801464799,0.1876309656736973,0.1767286899519841,0.2709301886606019,-85.33723901677463,179.6894454598523,Hex-A
KEGG_2019,Base excision repair,1/20,0.0677517854338835,0.1733031421347976,0.1016339502851036,0.2709301886606019,-52.18902879691112,140.48787971036424,Dsp1
KEGG_2019,Glycolysis / Gluconeogenesis,1/54,0.1726961823423969,0.2014788793994631,0.2459074216620306,0.2868919919390357,-74.51772874063401,130.8696298782299,Hex-A
KEGG_2019,Amino sugar and nucleotide sugar metabolism,1/47,0.15208822133594,0.1935668271548328,0.2181097900276988,0.2775942782170712,-61.70154714761605,116.20218580243096,Hex-A
KEGG_2019,Phototransduction,2/38,0.0078259393104516,0.0365210501154409,0.0168332216407859,0.0785550343236679,-11.551504982154832,56.02839757375875,ninaE;Arr2
KEGG_2019,Starch and sucrose metabolism,1/33,0.1093425874548849,0.1876309656736973,0.1596084271130646,0.2709301886606019,-23.59896688240392,52.23086941973798,Hex-A
KEGG_2019,Fructose and mannose metabolism,1/29,0.0967441280186004,0.1876309656736973,0.1421548253512293,0.2709301886606019,-20.470468130696457,47.81257848208935,Hex-A
KEGG_2019,TGF-beta signaling pathway,1/41,0.1340221183383552,0.1876309656736973,0.1935215633290013,0.2709301886606019,-15.846586244546726,31.84768352575995,Rok
KEGG_2019,Notch signaling pathway,1/22,0.0742727752006275,0.1733031421347976,0.1107906716444003,0.2709301886606019,-6.233746685315992,16.207808778750753,numb
KEGG_2019,Oxidative phosphorylation,4/144,0.0016352636132802,0.0228936905859235,0.0054521044727757,0.0676835886501789,-1.4284956754624456,9.165158623552726,UQCR-6.4;CG40472;ND-MNLL;ox
KEGG_2019,Autophagy,1/95,0.283853009294276,0.3056878561630664,0.3909924263877236,0.421068766879087,0.77563813403982,-0.9767601308767332,Dsp1
KEGG_2019,Ribosome biogenesis in eukaryotes,1/178,0.4657416552619668,0.4657416552619668,0.6083720468870812,0.6083720468870812,2.173184548523541,-1.6605828751160794,prage
KEGG_2019,Ribosome,3/240,0.0519653446310671,0.1733031421347976,0.1201915257494388,0.2709301886606019,2.492707904593473,-7.371381554146764,RpL39;mRpL33;RpL41
