names,scores,logfoldchanges,pvals,pvals_adj,significant
mt:lrRNA,105.52676,2.602533,0.0,0.0,True
RpL41,78.40252,1.567701,0.0,0.0,True
Mic10b,69.83259,3.3244562,0.0,0.0,True
lncRNA:CR34335,68.01054,1.1207051,0.0,0.0,True
Cyt-c-p,66.939255,1.8053186,0.0,0.0,True
snRNA:7SKa,63.754154,1.8971524,0.0,0.0,True
sun,62.238968,2.1439846,0.0,0.0,True
His3.3B,61.836353,1.1496097,0.0,0.0,True
Sxl,60.18422,1.5934808,0.0,0.0,True
RpL29,56.515675,1.1598338,0.0,0.0,True
flw,49.48481,1.4868704,0.0,0.0,True
RpL39,44.666862,1.0967485,0.0,0.0,True
CG7646,43.117367,1.0537236,0.0,0.0,True
Nca,38.319065,1.6058373,0.0,0.0,True
fru,36.464706,1.2918042,4.022977090943711e-291,9.114817577946778e-289,True
pcs,35.329735,1.6357036,2.0529894166825223e-273,4.150512911480773e-271,True
Tom6,34.983944,1.7417152,3.9476996118417725e-268,7.518365304233729e-266,True
Cdc14,31.250504,1.2800509,2.19763421367542e-214,3.1390338262944233e-212,True
RNaseMRP:RNA,30.73056,3.969166,2.224104979506472e-207,3.013089024298407e-205,True
ND-AGGG,25.447035,2.2615948,7.613639038322339e-143,7.045833141027737e-141,True
Serinc,25.373178,1.0138025,4.98760341789708e-142,4.489184692779831e-140,True
MED21,24.370623,2.2517974,3.504949269934016e-131,2.9336648634524144e-129,True
RpL22,24.110416,1.8029002,1.9437846408906847e-128,1.567072022450582e-126,True
mt:srRNA,22.778404,2.5861335,7.5074241112727875e-115,5.361688056860636e-113,True
AcCoAS,21.769556,1.1774629,4.509806599230852e-105,2.8086904512081814e-103,True
28SrRNA-Psi:CR40596,20.863855,2.8028333,1.1409264753283264e-96,6.63403310278298e-95,True
sordd1,20.320238,1.0918887,8.516212300428484e-92,4.643632607466004e-90,True
Alat,20.234175,1.0876743,4.897550410381318e-91,2.6268861201151386e-89,True
CG32544,19.96713,1.0685538,1.0639280732298896e-88,5.548047146949992e-87,True
mir-9381,19.05545,2.0347762,5.920388824451824e-81,2.892186971826075e-79,True
CG5282,18.150389,1.1714607,1.2749418611858323e-73,5.757392095478702e-72,True
Myc,18.080893,1.2415539,4.5072781906091663e-73,2.028429544616269e-71,True
CRMP,17.995632,1.1058815,2.1080353502511705e-72,9.358679911368457e-71,True
CG31360,16.273428,1.5344173,1.5238384386417557e-59,5.577927833479473e-58,True
CG11768,15.756951,1.7306,6.153070125164651e-56,2.139087156475891e-54,True
lncRNA:CR45102,15.741594,1.263351,7.844257730489112e-56,2.7126681799041426e-54,True
CG13375,15.165328,1.0316331,5.999862869223073e-52,1.9136941253509808e-50,True
Vsp37A,15.15476,1.090286,7.047232231744045e-52,2.242316676933378e-50,True
Polr2K,15.042635,1.2514541,3.858796753145676e-51,1.201621993675055e-49,True
Sf3b5,14.803199,1.3906499,1.3967844919532862e-49,4.190672376428798e-48,True
CG40472,14.168229,3.260892,1.4408825628927125e-45,3.994649316239058e-44,True
Rab21,14.129909,1.1543139,2.4846609151820523e-45,6.859438883699024e-44,True
hzg,13.934231,1.163671,3.9240309546156246e-44,1.0610224439218915e-42,True
CG5934,13.644526,1.1837554,2.1762660916281147e-42,5.708246049917176e-41,True
Cdc42,13.539561,1.2418882,9.133257511805085e-42,2.3672610840755546e-40,True
CG1275,13.1463995,1.6270729,1.7847212124219202e-39,4.4167648686321004e-38,True
Kcmf1,12.746987,1.0506138,3.2402526322871093e-37,7.60359997158659e-36,True
CG32085,12.661942,1.3018173,9.60924853297785e-37,2.2349581410949012e-35,True
CG17724,12.6434355,2.1451182,1.2162092747997402e-36,2.813768676081582e-35,True
AP-2mu,12.414576,1.05235,2.1783982471274834e-35,4.961235938561917e-34,True
caz,12.356738,1.6922389,4.4796642757659284e-35,1.0184648485785478e-33,True
CG2991,11.693411,1.0502999,1.3774182481318777e-31,2.8868665388677837e-30,True
cdm,11.231041,1.0172321,2.8707750043136204e-29,5.622183954051459e-28,True
MsrA,11.131438,1.197809,8.820107151480188e-29,1.714571421266289e-27,True
Clamp,11.021528,1.0269884,3.0090641001371093e-28,5.730740773898805e-27,True
Sara,10.939716,1.1241429,7.443249142456058e-28,1.3973105283002153e-26,True
lncRNA:CR45333,10.922366,3.1902635,9.011704038253536e-28,1.6845348899955862e-26,True
ubl,10.826889,1.8718967,2.5672950728960363e-27,4.751665429989692e-26,True
capt,10.774179,1.2005678,4.558288641129737e-27,8.365987574453334e-26,True
CG13404,10.7366705,1.4125533,6.846912249535509e-27,1.2479233546622207e-25,True
CG2765,10.628161,1.1098549,2.2041461431283598e-26,3.9732077457955797e-25,True
CG13603,10.554625,1.2603288,4.835672540785034e-26,8.622194417700968e-25,True
CG7582,10.533298,1.0103265,6.067108882380333e-26,1.0788616755529088e-24,True
Rer1,10.321822,1.1427847,5.614718833423006e-25,9.619689724903744e-24,True
Bet3,10.260412,1.2218082,1.0625269408639594e-24,1.806295799468731e-23,True
FucTA,10.118559,1.1084917,4.5709508499307125e-24,7.61303740417484e-23,True
FucT6,9.885121,1.6532824,4.829972697315026e-23,7.787812419069541e-22,True
CG5412,9.83918,1.3677856,7.633028503032056e-23,1.2217494221479201e-21,True
Nt5b,9.658966,1.0004847,4.50386434472257e-22,7.04586682785706e-21,True
yki,8.817007,1.4133518,1.1755964358033796e-18,1.63649499606909e-17,True
Arl1,8.757687,1.0550035,1.992981547686978e-18,2.7309458308816032e-17,True
CG6276,8.674746,1.2281308,4.14476841829021e-18,5.620887697084794e-17,True
Pino,8.59075,1.1865551,8.640340166479815e-18,1.1562394106691574e-16,True
CG15456,8.397454,1.3544396,4.562637917066585e-17,5.954083899520556e-16,True
Caf1-55,8.059545,1.1131555,7.657897006502584e-16,9.466832037859873e-15,True
CG34220,7.923505,3.3398778,2.309080609543981e-15,2.8069961415372303e-14,True
28SrRNA-Psi:CR45859,7.798539,1.1549256,6.262790879529804e-15,7.474962302261685e-14,True
Mitf,7.41532,1.0725992,1.2133134864008589e-13,1.3662512874716098e-12,True
Pex23,7.2781854,1.1132507,3.3834037406422665e-13,3.723727684738696e-12,True
galla-2,7.260275,1.6666557,3.863048439339971e-13,4.223321093291727e-12,True
CG7607,7.172218,1.7129664,7.379232553248008e-13,7.94840122805181e-12,True
CG4593,6.991594,1.4974998,2.7178063531421255e-12,2.8322516484251125e-11,True
ND-MNLL,6.864291,3.3253837,6.682222628677388e-12,6.817631022006953e-11,True
PRAS40,6.632986,1.0876987,3.2896251795122735e-11,3.233280814059146e-10,True
Nf-YB,6.56559,1.1977806,5.18272574539628e-11,5.059895915323366e-10,True
Yp3,6.4936366,3.3666782,8.37886460814298e-11,8.084189413774369e-10,True
lncRNA:CR42491,6.3767266,3.4590929,1.8091311432518913e-10,1.7042145056253121e-09,True
Hr78,6.299608,1.3293841,2.9839863198822546e-10,2.7929176801689962e-09,True
Lipt2,6.2263184,1.141982,4.775229101497073e-10,4.425337491027718e-09,True
HSPC300,6.2212954,1.3307703,4.930665599296685e-10,4.5565314093078575e-09,True
CG6083,6.1977086,1.6394287,5.729105192498765e-10,5.27953515670591e-09,True
lncRNA:CR45668,6.1346664,1.9505101,8.533814537007504e-10,7.798529682254215e-09,True
CG14645,6.131511,2.4606037,8.704810120365082e-10,7.9492640577983e-09,True
Dph3,6.045111,2.612514,1.4930703495809691e-09,1.3392790077708884e-08,True
rg,6.0265226,1.2932094,1.6752491817286795e-09,1.4945315340866652e-08,True
ogre,6.0138316,1.1281112,1.8118886519049688e-09,1.6109627046470362e-08,True
Polr2G,5.9790545,1.6242377,2.244362731892486e-09,1.9860720983029737e-08,True
CG1463,5.9781027,1.0110005,2.2575126778454976e-09,1.9950217955324604e-08,True
Ac78C,5.783689,1.0023464,7.307990813581118e-09,6.231947260303016e-08,True
Yp1,5.590549,6.3189154,2.2635299303675956e-08,1.8802178770518694e-07,True
Patsas,5.5757446,1.2666848,2.4647354152556126e-08,2.0434755893926817e-07,True
CG6665,5.367082,1.053187,8.002058339977268e-08,6.33845983397476e-07,True
CG31687,5.343355,2.3918872,9.124161532839337e-08,7.179677048086331e-07,True
CG33941,5.1783566,1.4116102,2.2384919807617006e-07,1.7162207187391779e-06,True
CG4676,5.0423765,1.9288433,4.5978544681758814e-07,3.432977588994276e-06,True
CG18324,4.8684707,1.5069339,1.1246522309309709e-06,8.156211350256008e-06,True
asRNA:CR43425,4.81497,1.1258051,1.4722210523385195e-06,1.057761446078758e-05,True
kat-60L1,4.6322536,1.411874,3.6170643918727816e-06,2.5149123372275252e-05,True
CG42855,4.500908,1.2421958,6.7663762976631235e-06,4.6166641187742005e-05,True
hoe1,4.4866486,1.0750449,7.2352247734493795e-06,4.918680224930072e-05,True
Polr1D,4.486453,1.0306618,7.241870722450451e-06,4.920652697193453e-05,True
CG1951,4.484106,1.0233225,7.322025744228759e-06,4.972544718600006e-05,True
asRNA:CR44029,4.4770193,1.0235728,7.569243957795912e-06,5.129831606467049e-05,True
CAH8,4.4374003,1.3277477,9.105183254311758e-06,6.12653421120895e-05,True
M6,4.3357806,1.1239905,1.452436697269926e-05,9.581561565674747e-05,True
disco-r,4.3315735,1.0447031,1.4804754305222415e-05,9.761629519564865e-05,True
Papss,4.3284373,1.1589236,1.501709240183379e-05,9.896670574347934e-05,True
CG14971,4.3228207,1.4161679,1.540468282628776e-05,0.00010141930712437248,True
Lint-1,4.31942,1.0274853,1.564398300608684e-05,0.00010289168202351712,True
Tmem63,4.2437515,1.1119825,2.198138211127258e-05,0.00014264560114776937,True
CG31249,4.206619,1.2085423,2.5921986810080076e-05,0.00016665402576871932,True
CG6356,4.1539145,1.1903853,3.268355456264554e-05,0.00020798769516112593,True
lncRNA:CR43264,4.135616,2.4922848,3.540039441207622e-05,0.00022429922033225343,True
prage,4.1197634,1.0431288,3.792617957082672e-05,0.00023949443812601345,True
Pldn,4.017516,1.0798526,5.881476561291932e-05,0.00036439643324817194,True
cnir,3.838776,1.0522678,0.00012364907256071984,0.0007422898412610413,True
MEP-1,3.765135,1.1173046,0.00016645904257076436,0.000982676674942684,True
Mppe,3.755695,1.0206954,0.00017286095916513685,0.0010181828168485268,True
Trf,3.731681,2.294728,0.00019020624786450973,0.0011153504253402597,True
lncRNA:CR45358,3.64068,1.2503155,0.00027191876392333513,0.001566542953404887,True
zyd,3.5939374,1.5278225,0.0003257181123579178,0.0018569465138808666,True
Mis12,3.4468355,1.0582284,0.0005671938364581251,0.0031356727828759875,True
CG3740,3.4024017,1.512344,0.0006679636239774962,0.0036634849677330042,True
CG2540,3.3415864,1.8525213,0.0008330109017560635,0.004504772123447091,True
Yp2,3.3406484,3.7628384,0.0008358297794438497,0.00451815677979088,True
pre-rRNA:CR45845,3.2496727,3.414838,0.0011553788709905996,0.006124579969216406,True
AANATL7,3.099132,1.0317605,0.0019408849789334516,0.009990273994580684,True
Rep,3.0934584,1.1511481,0.0019783821496271105,0.010167352298885357,True
mir-990,2.9367852,2.0431685,0.0033163373499922755,0.016495075365726152,True
wtrw,2.8284438,1.1579396,0.004677490565956134,0.022689886868670933,True
ITP,2.8139462,1.0185412,0.004893742537765282,0.02359951217936645,True
Tehao,2.8059094,1.1788654,0.005017479007272809,0.02413422094969692,True
CG13192,2.7871668,1.4147191,0.005317107911541033,0.025421289347095026,True
CG17068,2.779388,1.2170825,0.005446145872427348,0.02599629600783428,True
28SrRNA-Psi:CR45848,2.7751112,1.4093602,0.0055182817112509105,0.026321502710543815,True
Rh2,2.7584238,1.1189876,0.005808085888929214,0.02754937626220273,True
CG10347,2.546417,1.29946,0.010883505949653047,0.048929234240297874,True
CG2124,-2.5684333,-1.2967206,0.010215939191786386,0.04624445639657764,True
Rbm13,-2.772997,-1.0272174,0.005554266021536134,0.026464325521757193,True
Cpr72Ec,-2.8987231,-2.217522,0.0037468561479166032,0.018468655903890505,True
Arr1,-3.1080718,-1.1856242,0.0018831227852309502,0.009708166544025076,True
asRNA:CR45479,-3.1699612,-2.1499848,0.00152459243128053,0.007960504287571135,True
retinin,-3.180056,-2.9784417,0.0014724659205162776,0.0077028959639746835,True
brv3,-3.2135994,-7.648763,0.0013108240114810639,0.006895731919484652,True
pkm,-3.23672,-1.4444238,0.0012091190906676542,0.0063914054587544825,True
CG11158,-3.3636546,-1.222806,0.0007691770572010014,0.004183673720479454,True
Cyp4d2,-3.6063578,-2.7870963,0.00031052493845124874,0.0017764946522367696,True
xit,-3.7148237,-1.4238768,0.00020334546092315648,0.001187100267432785,True
CG17982,-3.811734,-1.0355402,0.00013799534248910218,0.000822402174897638,True
Nplp3,-4.0488954,-2.1498432,5.1459941483739477e-05,0.0003195818010575711,True
se,-4.410223,-2.134962,1.0326412624393941e-05,6.89529412079069e-05,True
CG4293,-4.7071395,-1.0428327,2.5121706216351467e-06,1.772955646557866e-05,True
Muc14A,-5.0503983,-2.577322,4.408892715214733e-07,3.295634765110171e-06,True
slmo,-5.104497,-1.1777622,3.316757665236512e-07,2.5121332840848995e-06,True
CG6999,-6.485968,-1.1589997,8.816373804150038e-11,8.475198841282784e-10,True
CG32706,-6.926171,-1.3496555,4.323840305662353e-12,4.456438075035998e-11,True
Arr2,-10.785451,-1.1856304,4.032588206277466e-27,7.411502324292613e-26,True
Pdh,-13.249557,-2.1334043,4.538759275308028e-40,1.1404175073962294e-38,True
ninaE,-15.473688,-1.4077792,5.22273889436971e-54,1.7201005466394076e-52,True
lncRNA:roX2,-141.8335,-9.603278,0.0,0.0,True
lncRNA:roX1,-175.87006,-9.109962,0.0,0.0,True
